/*
  	UNACCENT
	RUTA DEL ARCHIVO:	C:\Program Files\PostgreSQL\10\share\tsearch_data\unaccent.rules
*/
/*
CREATE EXTENSION unaccent;
SELECT unaccent('Hôtel');
SELECT unaccent('unaccent', 'Hôtel');
*/


----------------------------------------------------------------------------------------------------------------------------------------
--fn_my_unaccent------------------------------------------------------------------------------------------------------------------------
--Función pública, hace que no se diferencien las tildes  
--Considerar la mayúsculas y minúsculas 
----------------------------------------------------------------------------------------------------------------------------------------
DROP FUNCTION if exists fn_my_unaccent;
CREATE FUNCTION fn_my_unaccent(text) 
RETURNS text
LANGUAGE sql IMMUTABLE STRICT AS
	'SELECT unaccent($1)';

--Ejemplo
select fn_my_unaccent('Felíz Año Nuevo');



----------------------------------------------------------------------------------------------------------------------------------------
--pais - SUNAT-PLAME-Anexo2.xlsx  ->  T4 Nacionalidad ----------------------------------------------------------------------------------
----------------------------------------------------------------------------------------------------------------------------------------
DROP TABLE IF EXISTS pais;
CREATE TABLE pais (
	id_pais		int				NOT NULL,
	nom_pais	varchar(50) 	NOT NULL,
	activo		boolean			NOT NULL,
	orden		int				NOT NULL,
	CONSTRAINT pais_pkey PRIMARY KEY(id_pais)
);
--
COMMENT ON TABLE pais IS 'Países.';
COMMENT ON COLUMN pais.id_pais IS 'Identificador de país.';
COMMENT ON COLUMN pais.nom_pais IS 'Nombre de país.';
COMMENT ON COLUMN pais.activo IS 'Sí el pais está activo o vigente.';
COMMENT ON COLUMN pais.orden IS 'Orden para mostrar.';
--
INSERT INTO pais (id_pais, nom_pais, activo, orden) 
VALUES 
(9589, 'PERÚ'				, true	, 1),
(9063, 'ARGENTINA'			, true	, 2),
(9105, 'BRASIL'				, true	, 2),
(9097, 'BOLIVIA'			, true	, 2),
(9211, 'CHILE'				, true	, 2),
(9169, 'COLOMBIA'			, true	, 2),
(9239, 'ECUADOR'			, true	, 2),
(9586, 'PARAGUAY'			, true	, 2),
(9845, 'URUGUAY'			, true	, 2),
(9850, 'VENEZUELA'			, true	, 2),
(9999, '<SIN INDICAR>'		, false	, 3);



----------------------------------------------------------------------------------------------------------------------------------------
--departamento - SUNAT-PLAME-Anexo2.xlsx  ->  T28 Ubigeo -------------------------------------------------------------------------------
----------------------------------------------------------------------------------------------------------------------------------------
DROP TABLE IF EXISTS departamento;
CREATE TABLE departamento (
	id_departamento		char(2)			NOT NULL,
	id_pais				int				NOT NULL,
	nom_departamento	varchar(50) 	NOT NULL,
	CONSTRAINT departamento_pkey PRIMARY KEY (id_departamento),
	CONSTRAINT departamento_id_pais_fkey FOREIGN KEY (id_pais) REFERENCES pais(id_pais) MATCH SIMPLE ON UPDATE NO ACTION ON DELETE NO ACTION
);
--
COMMENT ON TABLE departamento IS 'Departamentos.';
COMMENT ON COLUMN departamento.id_departamento IS 'Identificador de departamento.';
COMMENT ON COLUMN departamento.id_pais IS 'Identificador de país [PAIS].';
COMMENT ON COLUMN departamento.nom_departamento IS 'Nombre de departamento.';
--
INSERT INTO departamento (id_departamento, id_pais, nom_departamento)
values
	('01', 9589, 'AMAZONAS'),
	('02', 9589, 'ANCASH'),
	('03', 9589, 'APURIMAC'),
	('04', 9589, 'AREQUIPA'),
	('05', 9589, 'AYACUCHO'),
	('06', 9589, 'CAJAMARCA'),
	('07', 9589, 'CUSCO'),
	('08', 9589, 'HUANCAVELICA'),
	('09', 9589, 'HUANUCO'),
	('10', 9589, 'ICA'),
	('11', 9589, 'JUNIN'),
	('12', 9589, 'LA LIBERTAD'),	
	('13', 9589, 'LAMBAYEQUE'),
	('14', 9589, 'LIMA'),
	('15', 9589, 'LORETO'),
	('16', 9589, 'MADRE DE DIOS'),
	('17', 9589, 'MOQUEGUA'),
	('18', 9589, 'PASCO'),
	('19', 9589, 'PIURA'),
	('20', 9589, 'PUNO'),
	('21', 9589, 'SAN MARTIN'),
	('22', 9589, 'TACNA'),
	('23', 9589, 'TUMBES'),	
	('24', 9589, 'CALLAO'),
	('25', 9589, 'UCAYALI'),
	
	('A1', 9063, 'BUENOS AIRES'),
	('A9', 9063, 'OTROS'),
	('B1', 9105, 'BRASILIA'),
	('B9', 9105, 'OTROS'),
	('C1', 9097, 'SUCRE'),
	('C9', 9097, 'OTROS'),
	('D1', 9211, 'SANTIAGO'),
	('D9', 9211, 'OTROS'),
	('E1', 9169, 'BOGOTÁ'),
	('E9', 9169, 'OTROS'),
	('F1', 9239, 'QUITO'),
	('F9', 9239, 'OTROS'),
	('G1', 9586, 'ASUNCIÓN'),
	('G9', 9586, 'OTROS'),
	('H1', 9845, 'MONTEVIDEO'),
	('H9', 9845, 'OTROS'),
	('I1', 9850, 'CARACAS'),
	('I9', 9850, 'OTROS'),
				
	('99', 9999, '<SIN INDICAR>');



----------------------------------------------------------------------------------------------------------------------------------------
--provincia - SUNAT-PLAME-Anexo2.xlsx  ->  T28 Ubigeo ------------------------------------------------------------------------------
----------------------------------------------------------------------------------------------------------------------------------------
DROP TABLE if exists  provincia;
CREATE TABLE provincia (
	id_provincia		char(4)			NOT NULL,
	id_departamento		char(2)			NOT NULL,
	nom_provincia		varchar(50) 	NOT NULL,
	CONSTRAINT provincia_pkey PRIMARY KEY (id_provincia),
	CONSTRAINT provincia_id_departamento_fkey FOREIGN KEY (id_departamento) REFERENCES departamento(id_departamento) MATCH SIMPLE ON UPDATE NO ACTION ON DELETE NO ACTION
);
--
COMMENT ON TABLE provincia IS 'Provincias.';
COMMENT ON COLUMN provincia.id_provincia IS 'Identificador de provincia.';
COMMENT ON COLUMN provincia.id_departamento IS 'Identificador de departamento [DEPARTAMENTO].';
COMMENT ON COLUMN provincia.nom_provincia IS 'Nombre de provincia.';
--
INSERT INTO provincia (id_provincia, id_departamento, nom_provincia) 
VALUES 
('0101', '01', 'CHACHAPOYAS'),
('0102', '01', 'BAGUA'),
('0103', '01', 'BONGARA'),
('0104', '01', 'LUYA'),
('0105', '01', 'RODRIGUEZ DE MENDOZA'),
('0106', '01', 'CONDORCANQUI'),
('0107', '01', 'UTCUBAMBA'),
('0201', '02', 'HUARAZ'),
('0202', '02', 'AIJA'),
('0203', '02', 'BOLOGNESI'),
('0204', '02', 'CARHUAZ'),
('0205', '02', 'CASMA'),
('0206', '02', 'CORONGO'),
('0207', '02', 'HUAYLAS'),
('0208', '02', 'HUARI'),
('0209', '02', 'MARISCAL LUZURIAGA'),
('0210', '02', 'PALLASCA'),
('0211', '02', 'POMABAMBA'),
('0212', '02', 'RECUAY'),
('0213', '02', 'SANTA'),
('0214', '02', 'SIHUAS'),
('0215', '02', 'YUNGAY'),
('0216', '02', 'ANTONIO RAIMONDI'),
('0217', '02', 'CARLOS FERMIN FITZCARRALD'),
('0218', '02', 'ASUNCION'),
('0219', '02', 'HUARMEY'),
('0220', '02', 'OCROS'),
('0301', '03', 'ABANCAY'),
('0302', '03', 'AYMARAES'),
('0303', '03', 'ANDAHUAYLAS'),
('0304', '03', 'ANTABAMBA'),
('0305', '03', 'COTABAMBAS'),
('0306', '03', 'GRAU'),
('0307', '03', 'CHINCHEROS'),
('0401', '04', 'AREQUIPA'),
('0402', '04', 'CAYLLOMA'),
('0403', '04', 'CAMANA'),
('0404', '04', 'CARAVELI'),
('0405', '04', 'CASTILLA'),
('0406', '04', 'CONDESUYOS'),
('0407', '04', 'ISLAY'),
('0408', '04', 'LA UNION'),
('0501', '05', 'HUAMANGA'),
('0502', '05', 'CANGALLO'),
('0503', '05', 'HUANTA'),
('0504', '05', 'LA MAR'),
('0505', '05', 'LUCANAS'),
('0506', '05', 'PARINACOCHAS'),
('0507', '05', 'VICTOR FAJARDO'),
('0508', '05', 'HUANCA SANCOS'),
('0509', '05', 'VILCAS HUAMAN'),
('0510', '05', 'PAUCAR DEL SARA SARA'),
('0511', '05', 'SUCRE'),
('0601', '06', 'CAJAMARCA'),
('0602', '06', 'CAJABAMBA'),
('0603', '06', 'CELENDIN'),
('0604', '06', 'CONTUMAZA'),
('0605', '06', 'CUTERVO'),
('0606', '06', 'CHOTA'),
('0607', '06', 'HUALGAYOC'),
('0608', '06', 'JAEN'),
('0609', '06', 'SANTA CRUZ'),
('0610', '06', 'SAN MIGUEL'),
('0611', '06', 'SAN IGNACIO'),
('0612', '06', 'SAN MARCOS'),
('0613', '06', 'SAN PABLO'),
('0701', '07', 'CUSCO'),
('0702', '07', 'ACOMAYO'),
('0703', '07', 'ANTA'),
('0704', '07', 'CALCA'),
('0705', '07', 'CANAS'),
('0706', '07', 'CANCHIS'),
('0707', '07', 'CHUMBIVILCAS'),
('0708', '07', 'ESPINAR'),
('0709', '07', 'LA CONVENCION'),
('0710', '07', 'PARURO'),
('0711', '07', 'PAUCARTAMBO'),
('0712', '07', 'QUISPICANCHIS'),
('0713', '07', 'URUBAMBA'),
('0801', '08', 'HUANCAVELICA'),
('0802', '08', 'ACOBAMBA'),
('0803', '08', 'ANGARAES'),
('0804', '08', 'CASTROVIRREYNA'),
('0805', '08', 'TAYACAJA'),
('0806', '08', 'HUAYTARA'),
('0807', '08', 'CHURCAMPA'),
('0901', '09', 'HUANUCO'),
('0902', '09', 'AMBO'),
('0903', '09', 'DOS DE MAYO'),
('0904', '09', 'HUAMALIES'),
('0905', '09', 'MARAÑON'),
('0906', '09', 'LEONCIO PRADO'),
('0907', '09', 'PACHITEA'),
('0908', '09', 'PUERTO INCA'),
('0909', '09', 'HUACAYBAMBA'),
('0910', '09', 'LAURICOCHA'),
('0911', '09', 'YAROWILCA'),
('1001', '10', 'ICA'),
('1002', '10', 'CHINCHA'),
('1003', '10', 'NAZCA'),
('1004', '10', 'PISCO'),
('1005', '10', 'PALPA'),
('1101', '11', 'HUANCAYO'),
('1102', '11', 'CONCEPCION'),
('1103', '11', 'JAUJA'),
('1104', '11', 'JUNIN'),
('1105', '11', 'TARMA'),
('1106', '11', 'YAULI'),
('1107', '11', 'SATIPO'),
('1108', '11', 'CHANCHAMAYO'),
('1109', '11', 'CHUPACA'),
('1201', '12', 'TRUJILLO'),
('1202', '12', 'BOLIVAR'),
('1203', '12', 'SANCHEZ CARRION'),
('1204', '12', 'OTUZCO'),
('1205', '12', 'PACASMAYO'),
('1206', '12', 'PATAZ'),
('1207', '12', 'SANTIAGO DE CHUCO'),
('1208', '12', 'ASCOPE'),
('1209', '12', 'CHEPEN'),
('1210', '12', 'JULCAN'),
('1211', '12', 'GRAN CHIMU'),
('1212', '12', 'VIRU'),
('1301', '13', 'CHICLAYO'),
('1302', '13', 'FERREÑAFE'),
('1303', '13', 'LAMBAYEQUE'),
('1401', '14', 'LIMA'),
('1402', '14', 'CAJATAMBO'),
('1403', '14', 'CANTA'),
('1404', '14', 'CAÑETE'),
('1405', '14', 'HUAURA'),
('1406', '14', 'HUAROCHIRI'),
('1407', '14', 'YAUYOS'),
('1408', '14', 'HUARAL'),
('1409', '14', 'BARRANCA'),
('1410', '14', 'OYON'),
('1501', '15', 'MAYNAS'),
('1502', '15', 'ALTO AMAZONAS'),
('1503', '15', 'LORETO'),
('1504', '15', 'REQUENA'),
('1505', '15', 'UCAYALI'),
('1506', '15', 'MARISCAL RAMON CASTILLA'),
('1507', '15', 'DATEM DEL MARAÑON'),
('1601', '16', 'TAMBOPATA'),
('1602', '16', 'MANU'),
('1603', '16', 'TAHUAMANU'),
('1701', '17', 'MARISCAL NIETO'),
('1702', '17', 'GENERAL SANCHEZ CERRO'),
('1703', '17', 'ILO'),
('1801', '18', 'PASCO'),
('1802', '18', 'DANIEL ALCIDES CARRION'),
('1803', '18', 'OXAPAMPA'),
('1901', '19', 'PIURA'),
('1902', '19', 'AYABACA'),
('1903', '19', 'HUANCABAMBA'),
('1904', '19', 'MORROPON'),
('1905', '19', 'PAITA'),
('1906', '19', 'SULLANA'),
('1907', '19', 'TALARA'),
('1908', '19', 'SECHURA'),
('2001', '20', 'PUNO'),
('2002', '20', 'AZANGARO'),
('2003', '20', 'CARABAYA'),
('2004', '20', 'CHUCUITO'),
('2005', '20', 'HUANCANE'),
('2006', '20', 'LAMPA'),
('2007', '20', 'MELGAR'),
('2008', '20', 'SANDIA'),
('2009', '20', 'SAN ROMAN'),
('2010', '20', 'YUNGUYO'),
('2011', '20', 'SAN ANTONIO DE PUTINA'),
('2012', '20', 'EL COLLAO'),
('2013', '20', 'MOHO'),
('2101', '21', 'MOYOBAMBA'),
('2102', '21', 'HUALLAGA'),
('2103', '21', 'LAMAS'),
('2104', '21', 'MARISCAL CACERES'),
('2105', '21', 'RIOJA'),
('2106', '21', 'SAN MARTIN'),
('2107', '21', 'BELLAVISTA'),
('2108', '21', 'TOCACHE'),
('2109', '21', 'PICOTA'),
('2110', '21', 'EL DORADO'),
('2201', '22', 'TACNA'),
('2202', '22', 'TARATA'),
('2203', '22', 'JORGE BASADRE'),
('2204', '22', 'CANDARAVE'),
('2301', '23', 'TUMBES'),
('2302', '23', 'CONTRALMIRANTE VILLAR'),
('2303', '23', 'ZARUMILLA'),
('2401', '24', 'CALLAO'),
('2501', '25', 'CORONEL PORTILLO'),
('2502', '25', 'PADRE ABAD'),
('2503', '25', 'ATALAYA'),
('2504', '25', 'PURUS'),

('A101', 'A1', 'BUENOS AIRES'),
('A901', 'A9', 'OTROS'),
('B101', 'B1', 'BRASILIA'),
('B901', 'B9', 'OTROS'),
('C101', 'C1', 'SUCRE'),
('C901', 'C9', 'OTROS'),
('D101', 'D1', 'SANTIAGO'),
('D901', 'D9', 'OTROS'),
('E101', 'E1', 'BOGOTÁ'),
('E901', 'E9', 'OTROS'),
('F101', 'F1', 'QUITO'),
('F901', 'F9', 'OTROS'),
('G101', 'G1', 'ASUNCIÓN'),
('G901', 'G9', 'OTROS'),
('H101', 'H1', 'MONTEVIDEO'),
('H901', 'H9', 'OTROS'),
('I101', 'I1', 'CARACAS'),
('I901', 'I9', 'OTROS'),
	
('9901', '99', '<SIN INDICAR>');



----------------------------------------------------------------------------------------------------------------------------------------
--distrito - SUNAT-PLAME-Anexo2.xlsx  ->  T28 Ubigeo -------------------------------------------------------------------------------
----------------------------------------------------------------------------------------------------------------------------------------
drop table if exists distrito;
CREATE TABLE distrito (
	id_distrito		char(6)			NOT NULL,
	id_provincia	char(4)			NOT NULL,
	nom_distrito	varchar(50) 	NOT NULL,
	latitud			varchar(25)		not null,
	longitud		varchar(25)		not null,
	CONSTRAINT distrito_pkey PRIMARY KEY (id_distrito),
	CONSTRAINT distrito_id_provincia_fkey FOREIGN KEY (id_provincia) REFERENCES provincia(id_provincia) MATCH SIMPLE ON UPDATE NO ACTION ON DELETE NO action 
);
--
COMMENT ON TABLE distrito IS 'Distritos.';
COMMENT ON COLUMN distrito.id_distrito IS 'Identificador de distrito.';
COMMENT ON COLUMN distrito.id_provincia IS 'Identificador de provincia [PROVINCIA].';
COMMENT ON COLUMN distrito.nom_distrito IS 'Nombre de distrito.';
COMMENT ON COLUMN distrito.latitud IS 'Coordenada, latitud en google maps.';
COMMENT ON COLUMN distrito.longitud IS 'Coordenada, longitud en google maps.';
--
INSERT INTO distrito (id_distrito, id_provincia, nom_distrito, latitud, longitud)  
values  	
('010101', '0101', 'CHACHAPOYAS',  '-6.22945376417401', '-77.8724777698517'),
('010102', '0101', 'ASUNCION',  '', ''),
('010103', '0101', 'BALSAS',  '', ''),
('010104', '0101', 'CHETO',  '', ''),
('010105', '0101', 'CHILIQUIN',  '', ''),
('010106', '0101', 'CHUQUIBAMBA',  '', ''),
('010107', '0101', 'GRANADA',  '', ''),
('010108', '0101', 'HUANCAS',  '', ''),
('010109', '0101', 'LA JALCA',  '', ''),
('010110', '0101', 'LEIMEBAMBA',  '', ''),
('010111', '0101', 'LEVANTO',  '', ''),
('010112', '0101', 'MAGDALENA',  '', ''),
('010113', '0101', 'MARISCAL CASTILLA',  '', ''),
('010114', '0101', 'MOLINOPAMPA',  '', ''),
('010115', '0101', 'MONTEVIDEO',  '', ''),
('010116', '0101', 'OLLEROS',  '', ''),
('010117', '0101', 'QUINJALCA',  '', ''),
('010118', '0101', 'SAN FCO DE DAGUAS',  '', ''),
('010119', '0101', 'SAN ISIDRO DE MAINO',  '', ''),
('010120', '0101', 'SOLOCO',  '', ''),
('010121', '0101', 'SONCHE',  '', ''),
('010201', '0102', 'LA PECA',  '', ''),
('010202', '0102', 'ARAMANGO',  '', ''),
('010203', '0102', 'COPALLIN',  '', ''),
('010204', '0102', 'EL PARCO',  '', ''),
('010205', '0102', 'BAGUA',  '', ''),
('010206', '0102', 'IMAZA',  '', ''),
('010301', '0103', 'JUMBILLA',  '', ''),
('010302', '0103', 'COROSHA',  '', ''),
('010303', '0103', 'CUISPES',  '', ''),
('010304', '0103', 'CHISQUILLA',  '', ''),
('010305', '0103', 'CHURUJA',  '', ''),
('010306', '0103', 'FLORIDA',  '', ''),
('010307', '0103', 'RECTA',  '', ''),
('010308', '0103', 'SAN CARLOS',  '', ''),
('010309', '0103', 'SHIPASBAMBA',  '', ''),
('010310', '0103', 'VALERA',  '', ''),
('010311', '0103', 'YAMBRASBAMBA',  '', ''),
('010312', '0103', 'JAZAN',  '', ''),
('010401', '0104', 'LAMUD',  '', ''),
('010402', '0104', 'CAMPORREDONDO',  '', ''),
('010403', '0104', 'COCABAMBA',  '', ''),
('010404', '0104', 'COLCAMAR',  '', ''),
('010405', '0104', 'CONILA',  '', ''),
('010406', '0104', 'INGUILPATA',  '', ''),
('010407', '0104', 'LONGUITA',  '', ''),
('010408', '0104', 'LONYA CHICO',  '', ''),
('010409', '0104', 'LUYA',  '', ''),
('010410', '0104', 'LUYA VIEJO',  '', ''),
('010411', '0104', 'MARIA',  '', ''),
('010412', '0104', 'OCALLI',  '', ''),
('010413', '0104', 'OCUMAL',  '', ''),
('010414', '0104', 'PISUQUIA',  '', ''),
('010415', '0104', 'SAN CRISTOBAL',  '', ''),
('010416', '0104', 'SAN FRANCISCO DE YESO',  '', ''),
('010417', '0104', 'SAN JERONIMO',  '', ''),
('010418', '0104', 'SAN JUAN DE LOPECANCHA',  '', ''),
('010419', '0104', 'SANTA CATALINA',  '', ''),
('010420', '0104', 'SANTO TOMAS',  '', ''),
('010421', '0104', 'TINGO',  '', ''),
('010422', '0104', 'TRITA',  '', ''),
('010423', '0104', 'PROVIDENCIA',  '', ''),
('010501', '0105', 'SAN NICOLAS',  '', ''),
('010502', '0105', 'COCHAMAL',  '', ''),
('010503', '0105', 'CHIRIMOTO',  '', ''),
('010504', '0105', 'HUAMBO',  '', ''),
('010505', '0105', 'LIMABAMBA',  '', ''),
('010506', '0105', 'LONGAR',  '', ''),
('010507', '0105', 'MILPUC',  '', ''),
('010508', '0105', 'MCAL BENAVIDES',  '', ''),
('010509', '0105', 'OMIA',  '', ''),
('010510', '0105', 'SANTA ROSA',  '', ''),
('010511', '0105', 'TOTORA',  '', ''),
('010512', '0105', 'VISTA ALEGRE',  '', ''),
('010601', '0106', 'NIEVA',  '', ''),
('010602', '0106', 'RIO SANTIAGO',  '', ''),
('010603', '0106', 'EL CENEPA',  '', ''),
('010701', '0107', 'BAGUA GRANDE',  '', ''),
('010702', '0107', 'CAJARURO',  '', ''),
('010703', '0107', 'CUMBA',  '', ''),
('010704', '0107', 'EL MILAGRO',  '', ''),
('010705', '0107', 'JAMALCA',  '', ''),
('010706', '0107', 'LONYA GRANDE',  '', ''),
('010707', '0107', 'YAMON',  '', ''),
('020101', '0201', 'HUARAZ',  '-9.5298873011273', '-77.5288546085358'),
('020102', '0201', 'INDEPENDENCIA',  '', ''),
('020103', '0201', 'COCHABAMBA',  '', ''),
('020104', '0201', 'COLCABAMBA',  '', ''),
('020105', '0201', 'HUANCHAY',  '', ''),
('020106', '0201', 'JANGAS',  '', ''),
('020107', '0201', 'LA LIBERTAD',  '', ''),
('020108', '0201', 'OLLEROS',  '', ''),
('020109', '0201', 'PAMPAS',  '', ''),
('020110', '0201', 'PARIACOTO',  '', ''),
('020111', '0201', 'PIRA',  '', ''),
('020112', '0201', 'TARICA',  '', ''),
('020201', '0202', 'AIJA',  '', ''),
('020203', '0202', 'CORIS',  '', ''),
('020205', '0202', 'HUACLLAN',  '', ''),
('020206', '0202', 'LA MERCED',  '', ''),
('020208', '0202', 'SUCCHA',  '', ''),
('020301', '0203', 'CHIQUIAN',  '', ''),
('020302', '0203', 'A PARDO LEZAMETA',  '', ''),
('020304', '0203', 'AQUIA',  '', ''),
('020305', '0203', 'CAJACAY',  '', ''),
('020310', '0203', 'HUAYLLACAYAN',  '', ''),
('020311', '0203', 'HUASTA',  '', ''),
('020313', '0203', 'MANGAS',  '', ''),
('020315', '0203', 'PACLLON',  '', ''),
('020317', '0203', 'SAN MIGUEL DE CORPANQUI',  '', ''),
('020320', '0203', 'TICLLOS',  '', ''),
('020321', '0203', 'ANTONIO RAIMONDI',  '', ''),
('020322', '0203', 'CANIS',  '', ''),
('020323', '0203', 'COLQUIOC',  '', ''),
('020324', '0203', 'LA PRIMAVERA',  '', ''),
('020325', '0203', 'HUALLANCA',  '', ''),
('020401', '0204', 'CARHUAZ',  '', ''),
('020402', '0204', 'ACOPAMPA',  '', ''),
('020403', '0204', 'AMASHCA',  '', ''),
('020404', '0204', 'ANTA',  '', ''),
('020405', '0204', 'ATAQUERO',  '', ''),
('020406', '0204', 'MARCARA',  '', ''),
('020407', '0204', 'PARIAHUANCA',  '', ''),
('020408', '0204', 'SAN MIGUEL DE ACO',  '', ''),
('020409', '0204', 'SHILLA',  '', ''),
('020410', '0204', 'TINCO',  '', ''),
('020411', '0204', 'YUNGAR',  '', ''),
('020501', '0205', 'CASMA',  '', ''),
('020502', '0205', 'BUENA VISTA ALTA',  '', ''),
('020503', '0205', 'COMANDANTE NOEL',  '', ''),
('020505', '0205', 'YAUTAN',  '', ''),
('020601', '0206', 'CORONGO',  '', ''),
('020602', '0206', 'ACO',  '', ''),
('020603', '0206', 'BAMBAS',  '', ''),
('020604', '0206', 'CUSCA',  '', ''),
('020605', '0206', 'LA PAMPA',  '', ''),
('020606', '0206', 'YANAC',  '', ''),
('020607', '0206', 'YUPAN',  '', ''),
('020701', '0207', 'CARAZ',  '', ''),
('020702', '0207', 'HUALLANCA',  '', ''),
('020703', '0207', 'HUATA',  '', ''),
('020704', '0207', 'HUAYLAS',  '', ''),
('020705', '0207', 'MATO',  '', ''),
('020706', '0207', 'PAMPAROMAS',  '', ''),
('020707', '0207', 'PUEBLO LIBRE',  '', ''),
('020708', '0207', 'SANTA CRUZ',  '', ''),
('020709', '0207', 'YURACMARCA',  '', ''),
('020710', '0207', 'SANTO TORIBIO',  '', ''),
('020801', '0208', 'HUARI',  '', ''),
('020802', '0208', 'CAJAY',  '', ''),
('020803', '0208', 'CHAVIN DE HUANTAR',  '', ''),
('020804', '0208', 'HUACACHI',  '', ''),
('020805', '0208', 'HUACHIS',  '', ''),
('020806', '0208', 'HUACCHIS',  '', ''),
('020807', '0208', 'HUANTAR',  '', ''),
('020808', '0208', 'MASIN',  '', ''),
('020809', '0208', 'PAUCAS',  '', ''),
('020810', '0208', 'PONTO',  '', ''),
('020811', '0208', 'RAHUAPAMPA',  '', ''),
('020812', '0208', 'RAPAYAN',  '', ''),
('020813', '0208', 'SAN MARCOS',  '', ''),
('020814', '0208', 'SAN PEDRO DE CHANA',  '', ''),
('020815', '0208', 'UCO',  '', ''),
('020816', '0208', 'ANRA',  '', ''),
('020901', '0209', 'PISCOBAMBA',  '', ''),
('020902', '0209', 'CASCA',  '', ''),
('020903', '0209', 'LUCMA',  '', ''),
('020904', '0209', 'FIDEL OLIVAS ESCUDERO',  '', ''),
('020905', '0209', 'LLAMA',  '', ''),
('020906', '0209', 'LLUMPA',  '', ''),
('020907', '0209', 'MUSGA',  '', ''),
('020908', '0209', 'ELEAZAR GUZMAN BARRON',  '', ''),
('021001', '0210', 'CABANA',  '', ''),
('021002', '0210', 'BOLOGNESI',  '', ''),
('021003', '0210', 'CONCHUCOS',  '', ''),
('021004', '0210', 'HUACASCHUQUE',  '', ''),
('021005', '0210', 'HUANDOVAL',  '', ''),
('021006', '0210', 'LACABAMBA',  '', ''),
('021007', '0210', 'LLAPO',  '', ''),
('021008', '0210', 'PALLASCA',  '', ''),
('021009', '0210', 'PAMPAS',  '', ''),
('021010', '0210', 'SANTA ROSA',  '', ''),
('021011', '0210', 'TAUCA',  '', ''),
('021101', '0211', 'POMABAMBA',  '', ''),
('021102', '0211', 'HUAYLLAN',  '', ''),
('021103', '0211', 'PAROBAMBA',  '', ''),
('021104', '0211', 'QUINUABAMBA',  '', ''),
('021201', '0212', 'RECUAY',  '', ''),
('021202', '0212', 'COTAPARACO',  '', ''),
('021203', '0212', 'HUAYLLAPAMPA',  '', ''),
('021204', '0212', 'MARCA',  '', ''),
('021205', '0212', 'PAMPAS CHICO',  '', ''),
('021206', '0212', 'PARARIN',  '', ''),
('021207', '0212', 'TAPACOCHA',  '', ''),
('021208', '0212', 'TICAPAMPA',  '', ''),
('021209', '0212', 'LLACLLIN',  '', ''),
('021210', '0212', 'CATAC',  '', ''),
('021301', '0213', 'CHIMBOTE',  '', ''),
('021302', '0213', 'CACERES DEL PERU',  '', ''),
('021303', '0213', 'MACATE',  '', ''),
('021304', '0213', 'MORO',  '', ''),
('021305', '0213', 'NEPEÑA',  '', ''),
('021306', '0213', 'SAMANCO',  '', ''),
('021307', '0213', 'SANTA',  '', ''),
('021308', '0213', 'COISHCO',  '', ''),
('021309', '0213', 'NUEVO CHIMBOTE',  '', ''),
('021401', '0214', 'SIHUAS',  '', ''),
('021402', '0214', 'ALFONSO UGARTE',  '', ''),
('021403', '0214', 'CHINGALPO',  '', ''),
('021404', '0214', 'HUAYLLABAMBA',  '', ''),
('021405', '0214', 'QUICHES',  '', ''),
('021406', '0214', 'SICSIBAMBA',  '', ''),
('021407', '0214', 'ACOBAMBA',  '', ''),
('021408', '0214', 'CASHAPAMPA',  '', ''),
('021409', '0214', 'RAGASH',  '', ''),
('021410', '0214', 'SAN JUAN',  '', ''),
('021501', '0215', 'YUNGAY',  '', ''),
('021502', '0215', 'CASCAPARA',  '', ''),
('021503', '0215', 'MANCOS',  '', ''),
('021504', '0215', 'MATACOTO',  '', ''),
('021505', '0215', 'QUILLO',  '', ''),
('021506', '0215', 'RANRAHIRCA',  '', ''),
('021507', '0215', 'SHUPLUY',  '', ''),
('021508', '0215', 'YANAMA',  '', ''),
('021601', '0216', 'LLAMELLIN',  '', ''),
('021602', '0216', 'ACZO',  '', ''),
('021603', '0216', 'CHACCHO',  '', ''),
('021604', '0216', 'CHINGAS',  '', ''),
('021605', '0216', 'MIRGAS',  '', ''),
('021606', '0216', 'SAN JUAN DE RONTOY',  '', ''),
('021701', '0217', 'SAN LUIS',  '', ''),
('021702', '0217', 'YAUYA',  '', ''),
('021703', '0217', 'SAN NICOLAS',  '', ''),
('021801', '0218', 'CHACAS',  '', ''),
('021802', '0218', 'ACOCHACA',  '', ''),
('021901', '0219', 'HUARMEY',  '', ''),
('021902', '0219', 'COCHAPETI',  '', ''),
('021903', '0219', 'HUAYAN',  '', ''),
('021904', '0219', 'MALVAS',  '', ''),
('021905', '0219', 'CULEBRAS',  '', ''),
('022001', '0220', 'ACAS',  '', ''),
('022002', '0220', 'CAJAMARQUILLA',  '', ''),
('022003', '0220', 'CARHUAPAMPA',  '', ''),
('022004', '0220', 'COCHAS',  '', ''),
('022005', '0220', 'CONGAS',  '', ''),
('022006', '0220', 'LLIPA',  '', ''),
('022007', '0220', 'OCROS',  '', ''),
('022008', '0220', 'SAN CRISTOBAL DE RAJAN',  '', ''),
('022009', '0220', 'SAN PEDRO',  '', ''),
('022010', '0220', 'SANTIAGO DE CHILCAS',  '', ''),
('030101', '0301', 'ABANCAY',  '-13.6373083285638', '-72.8788644075394'),
('030102', '0301', 'CIRCA',  '', ''),
('030103', '0301', 'CURAHUASI',  '', ''),
('030104', '0301', 'CHACOCHE',  '', ''),
('030105', '0301', 'HUANIPACA',  '', ''),
('030106', '0301', 'LAMBRAMA',  '', ''),
('030107', '0301', 'PICHIRHUA',  '', ''),
('030108', '0301', 'SAN PEDRO DE CACHORA',  '', ''),
('030109', '0301', 'TAMBURCO',  '', ''),
('030201', '0302', 'CHALHUANCA',  '', ''),
('030202', '0302', 'CAPAYA',  '', ''),
('030203', '0302', 'CARAYBAMBA',  '', ''),
('030204', '0302', 'COLCABAMBA',  '', ''),
('030205', '0302', 'COTARUSE',  '', ''),
('030206', '0302', 'CHAPIMARCA',  '', ''),
('030207', '0302', 'IHUAYLLO',  '', ''),
('030208', '0302', 'LUCRE',  '', ''),
('030209', '0302', 'POCOHUANCA',  '', ''),
('030210', '0302', 'SAÑAICA',  '', ''),
('030211', '0302', 'SORAYA',  '', ''),
('030212', '0302', 'TAPAIRIHUA',  '', ''),
('030213', '0302', 'TINTAY',  '', ''),
('030214', '0302', 'TORAYA',  '', ''),
('030215', '0302', 'YANACA',  '', ''),
('030216', '0302', 'SAN JUAN DE CHACÑA',  '', ''),
('030217', '0302', 'JUSTO APU SAHUARAURA',  '', ''),
('030301', '0303', 'ANDAHUAYLAS',  '', ''),
('030302', '0303', 'ANDARAPA',  '', ''),
('030303', '0303', 'CHIARA',  '', ''),
('030304', '0303', 'HUANCARAMA',  '', ''),
('030305', '0303', 'HUANCARAY',  '', ''),
('030306', '0303', 'KISHUARA',  '', ''),
('030307', '0303', 'PACOBAMBA',  '', ''),
('030308', '0303', 'PAMPACHIRI',  '', ''),
('030309', '0303', 'SAN ANTONIO DE CACHI',  '', ''),
('030310', '0303', 'SAN JERONIMO',  '', ''),
('030311', '0303', 'TALAVERA',  '', ''),
('030312', '0303', 'TURPO',  '', ''),
('030313', '0303', 'PACUCHA',  '', ''),
('030314', '0303', 'POMACOCHA',  '', ''),
('030315', '0303', 'STA MARIA DE CHICMO',  '', ''),
('030316', '0303', 'TUMAY HUARACA',  '', ''),
('030317', '0303', 'HUAYANA',  '', ''),
('030318', '0303', 'SAN MIGUEL DE CHACCRAMPA',  '', ''),
('030319', '0303', 'KAQUIABAMBA',  '', ''),
('030401', '0304', 'ANTABAMBA',  '', ''),
('030402', '0304', 'EL ORO',  '', ''),
('030403', '0304', 'HUAQUIRCA',  '', ''),
('030404', '0304', 'JUAN ESPINOZA MEDRANO',  '', ''),
('030405', '0304', 'OROPESA',  '', ''),
('030406', '0304', 'PACHACONAS',  '', ''),
('030407', '0304', 'SABAINO',  '', ''),
('030501', '0305', 'TAMBOBAMBA',  '', ''),
('030502', '0305', 'COYLLURQUI',  '', ''),
('030503', '0305', 'COTABAMBAS',  '', ''),
('030504', '0305', 'HAQUIRA',  '', ''),
('030505', '0305', 'MARA',  '', ''),
('030506', '0305', 'CHALLHUAHUACHO',  '', ''),
('030601', '0306', 'CHUQUIBAMBILLA',  '', ''),
('030602', '0306', 'CURPAHUASI',  '', ''),
('030603', '0306', 'HUAILLATI',  '', ''),
('030604', '0306', 'MAMARA',  '', ''),
('030605', '0306', 'MARISCAL GAMARRA',  '', ''),
('030606', '0306', 'MICAELA BASTIDAS',  '', ''),
('030607', '0306', 'PROGRESO',  '', ''),
('030608', '0306', 'PATAYPAMPA',  '', ''),
('030609', '0306', 'SAN ANTONIO',  '', ''),
('030610', '0306', 'TURPAY',  '', ''),
('030611', '0306', 'VILCABAMBA',  '', ''),
('030612', '0306', 'VIRUNDO',  '', ''),
('030613', '0306', 'SANTA ROSA',  '', ''),
('030614', '0306', 'CURASCO',  '', ''),
('030701', '0307', 'CHINCHEROS',  '', ''),
('030702', '0307', 'ONGOY',  '', ''),
('030703', '0307', 'OCOBAMBA',  '', ''),
('030704', '0307', 'COCHARCAS',  '', ''),
('030705', '0307', 'ANCO HUALLO',  '', ''),
('030706', '0307', 'HUACCANA',  '', ''),
('030707', '0307', 'URANMARCA',  '', ''),
('030708', '0307', 'RANRACANCHA',  '', ''),
('040101', '0401', 'AREQUIPA',  '-16.398783996134', '-71.5369015932083'),
('040102', '0401', 'CAYMA',  '', ''),
('040103', '0401', 'CERRO COLORADO',  '', ''),
('040104', '0401', 'CHARACATO',  '', ''),
('040105', '0401', 'CHIGUATA',  '', ''),
('040106', '0401', 'LA JOYA',  '', ''),
('040107', '0401', 'MIRAFLORES',  '', ''),
('040108', '0401', 'MOLLEBAYA',  '', ''),
('040109', '0401', 'PAUCARPATA',  '', ''),
('040110', '0401', 'POCSI',  '', ''),
('040111', '0401', 'POLOBAYA',  '', ''),
('040112', '0401', 'QUEQUEÑA',  '', ''),
('040113', '0401', 'SABANDIA',  '', ''),
('040114', '0401', 'SACHACA',  '', ''),
('040115', '0401', 'SAN JUAN DE SIGUAS',  '', ''),
('040116', '0401', 'SAN JUAN DE TARUCANI',  '', ''),
('040117', '0401', 'SANTA ISABEL DE SIGUAS',  '', ''),
('040118', '0401', 'STA RITA DE SIGUAS',  '', ''),
('040119', '0401', 'SOCABAYA',  '', ''),
('040120', '0401', 'TIABAYA',  '', ''),
('040121', '0401', 'UCHUMAYO',  '', ''),
('040122', '0401', 'VITOR',  '', ''),
('040123', '0401', 'YANAHUARA',  '', ''),
('040124', '0401', 'YARABAMBA',  '', ''),
('040125', '0401', 'YURA',  '', ''),
('040126', '0401', 'MARIANO MELGAR',  '', ''),
('040127', '0401', 'JACOBO HUNTER',  '', ''),
('040128', '0401', 'ALTO SELVA ALEGRE',  '', ''),
('040129', '0401', 'JOSE LUIS BUSTAMANTE Y RIVERO',  '', ''),
('040201', '0402', 'CHIVAY',  '', ''),
('040202', '0402', 'ACHOMA',  '', ''),
('040203', '0402', 'CABANACONDE',  '', ''),
('040204', '0402', 'CAYLLOMA',  '', ''),
('040205', '0402', 'CALLALLI',  '', ''),
('040206', '0402', 'COPORAQUE',  '', ''),
('040207', '0402', 'HUAMBO',  '', ''),
('040208', '0402', 'HUANCA',  '', ''),
('040209', '0402', 'ICHUPAMPA',  '', ''),
('040210', '0402', 'LARI',  '', ''),
('040211', '0402', 'LLUTA',  '', ''),
('040212', '0402', 'MACA',  '', ''),
('040213', '0402', 'MADRIGAL',  '', ''),
('040214', '0402', 'SAN ANTONIO DE CHUCA',  '', ''),
('040215', '0402', 'SIBAYO',  '', ''),
('040216', '0402', 'TAPAY',  '', ''),
('040217', '0402', 'TISCO',  '', ''),
('040218', '0402', 'TUTI',  '', ''),
('040219', '0402', 'YANQUE',  '', ''),
('040220', '0402', 'MAJES',  '', ''),
('040301', '0403', 'CAMANA',  '', ''),
('040302', '0403', 'JOSE MARIA QUIMPER',  '', ''),
('040303', '0403', 'MARIANO NICOLAS VALCARCEL',  '', ''),
('040304', '0403', 'MARISCAL CACERES',  '', ''),
('040305', '0403', 'NICOLAS DE PIEROLA',  '', ''),
('040306', '0403', 'OCOÑA',  '', ''),
('040307', '0403', 'QUILCA',  '', ''),
('040308', '0403', 'SAMUEL PASTOR',  '', ''),
('040401', '0404', 'CARAVELI',  '', ''),
('040402', '0404', 'ACARI',  '', ''),
('040403', '0404', 'ATICO',  '', ''),
('040404', '0404', 'ATIQUIPA',  '', ''),
('040405', '0404', 'BELLA UNION',  '', ''),
('040406', '0404', 'CAHUACHO',  '', ''),
('040407', '0404', 'CHALA',  '', ''),
('040408', '0404', 'CHAPARRA',  '', ''),
('040409', '0404', 'HUANUHUANU',  '', ''),
('040410', '0404', 'JAQUI',  '', ''),
('040411', '0404', 'LOMAS',  '', ''),
('040412', '0404', 'QUICACHA',  '', ''),
('040413', '0404', 'YAUCA',  '', ''),
('040501', '0405', 'APLAO',  '', ''),
('040502', '0405', 'ANDAGUA',  '', ''),
('040503', '0405', 'AYO',  '', ''),
('040504', '0405', 'CHACHAS',  '', ''),
('040505', '0405', 'CHILCAYMARCA',  '', ''),
('040506', '0405', 'CHOCO',  '', ''),
('040507', '0405', 'HUANCARQUI',  '', ''),
('040508', '0405', 'MACHAGUAY',  '', ''),
('040509', '0405', 'ORCOPAMPA',  '', ''),
('040510', '0405', 'PAMPACOLCA',  '', ''),
('040511', '0405', 'TIPAN',  '', ''),
('040512', '0405', 'URACA',  '', ''),
('040513', '0405', 'UÑON',  '', ''),
('040514', '0405', 'VIRACO',  '', ''),
('040601', '0406', 'CHUQUIBAMBA',  '', ''),
('040602', '0406', 'ANDARAY',  '', ''),
('040603', '0406', 'CAYARANI',  '', ''),
('040604', '0406', 'CHICHAS',  '', ''),
('040605', '0406', 'IRAY',  '', ''),
('040606', '0406', 'SALAMANCA',  '', ''),
('040607', '0406', 'YANAQUIHUA',  '', ''),
('040608', '0406', 'RIO GRANDE',  '', ''),
('040701', '0407', 'MOLLENDO',  '', ''),
('040702', '0407', 'COCACHACRA',  '', ''),
('040703', '0407', 'DEAN VALDIVIA',  '', ''),
('040704', '0407', 'ISLAY',  '', ''),
('040705', '0407', 'MEJIA',  '', ''),
('040706', '0407', 'PUNTA DE BOMBON',  '', ''),
('040801', '0408', 'COTAHUASI',  '', ''),
('040802', '0408', 'ALCA',  '', ''),
('040803', '0408', 'CHARCANA',  '', ''),
('040804', '0408', 'HUAYNACOTAS',  '', ''),
('040805', '0408', 'PAMPAMARCA',  '', ''),
('040806', '0408', 'PUYCA',  '', ''),
('040807', '0408', 'QUECHUALLA',  '', ''),
('040808', '0408', 'SAYLA',  '', ''),
('040809', '0408', 'TAURIA',  '', ''),
('040810', '0408', 'TOMEPAMPA',  '', ''),
('040811', '0408', 'TORO',  '', ''),
('050101', '0501', 'AYACUCHO',  '-13.1604406473246', '-74.2257732152939'),
('050102', '0501', 'ACOS VINCHOS',  '', ''),
('050103', '0501', 'CARMEN ALTO',  '', ''),
('050104', '0501', 'CHIARA',  '', ''),
('050105', '0501', 'QUINUA',  '', ''),
('050106', '0501', 'SAN JOSE DE TICLLAS',  '', ''),
('050107', '0501', 'SAN JUAN BAUTISTA',  '', ''),
('050108', '0501', 'SANTIAGO DE PISCHA',  '', ''),
('050109', '0501', 'VINCHOS',  '', ''),
('050110', '0501', 'TAMBILLO',  '', ''),
('050111', '0501', 'ACOCRO',  '', ''),
('050112', '0501', 'SOCOS',  '', ''),
('050113', '0501', 'OCROS',  '', ''),
('050114', '0501', 'PACAYCASA',  '', ''),
('050115', '0501', 'JESUS NAZARENO',  '', ''),
('050201', '0502', 'CANGALLO',  '', ''),
('050204', '0502', 'CHUSCHI',  '', ''),
('050206', '0502', 'LOS MOROCHUCOS',  '', ''),
('050207', '0502', 'PARAS',  '', ''),
('050208', '0502', 'TOTOS',  '', ''),
('050211', '0502', 'MARIA PARADO DE BELLIDO',  '', ''),
('050301', '0503', 'HUANTA',  '', ''),
('050302', '0503', 'AYAHUANCO',  '', ''),
('050303', '0503', 'HUAMANGUILLA',  '', ''),
('050304', '0503', 'IGUAIN',  '', ''),
('050305', '0503', 'LURICOCHA',  '', ''),
('050307', '0503', 'SANTILLANA',  '', ''),
('050308', '0503', 'SIVIA',  '', ''),
('050309', '0503', 'LLOCHEGUA',  '', ''),
('050401', '0504', 'SAN MIGUEL',  '', ''),
('050402', '0504', 'ANCO',  '', ''),
('050403', '0504', 'AYNA',  '', ''),
('050404', '0504', 'CHILCAS',  '', ''),
('050405', '0504', 'CHUNGUI',  '', ''),
('050406', '0504', 'TAMBO',  '', ''),
('050407', '0504', 'LUIS CARRANZA',  '', ''),
('050408', '0504', 'SANTA ROSA',  '', ''),
('050501', '0505', 'PUQUIO',  '', ''),
('050502', '0505', 'AUCARA',  '', ''),
('050503', '0505', 'CABANA',  '', ''),
('050504', '0505', 'CARMEN SALCEDO',  '', ''),
('050506', '0505', 'CHAVIÑA',  '', ''),
('050508', '0505', 'CHIPAO',  '', ''),
('050510', '0505', 'HUAC-HUAS',  '', ''),
('050511', '0505', 'LARAMATE',  '', ''),
('050512', '0505', 'LEONCIO PRADO',  '', ''),
('050513', '0505', 'LUCANAS',  '', ''),
('050514', '0505', 'LLAUTA',  '', ''),
('050516', '0505', 'OCAÑA',  '', ''),
('050517', '0505', 'OTOCA',  '', ''),
('050520', '0505', 'SANCOS',  '', ''),
('050521', '0505', 'SAN JUAN',  '', ''),
('050522', '0505', 'SAN PEDRO',  '', ''),
('050524', '0505', 'STA ANA DE HUAYCAHUACHO',  '', ''),
('050525', '0505', 'SANTA LUCIA',  '', ''),
('050529', '0505', 'SAISA',  '', ''),
('050531', '0505', 'SAN PEDRO DE PALCO',  '', ''),
('050532', '0505', 'SAN CRISTOBAL',  '', ''),
('050601', '0506', 'CORACORA',  '', ''),
('050604', '0506', 'CORONEL CASTAÑEDA',  '', ''),
('050605', '0506', 'CHUMPI',  '', ''),
('050608', '0506', 'PACAPAUSA',  '', ''),
('050611', '0506', 'PULLO',  '', ''),
('050612', '0506', 'PUYUSCA',  '', ''),
('050615', '0506', 'SAN FCO DE RAVACAYCO',  '', ''),
('050616', '0506', 'UPAHUACHO',  '', ''),
('050701', '0507', 'HUANCAPI',  '', ''),
('050702', '0507', 'ALCAMENCA',  '', ''),
('050703', '0507', 'APONGO',  '', ''),
('050704', '0507', 'CANARIA',  '', ''),
('050706', '0507', 'CAYARA',  '', ''),
('050707', '0507', 'COLCA',  '', ''),
('050708', '0507', 'HUAYA',  '', ''),
('050709', '0507', 'HUAMANQUIQUIA',  '', ''),
('050710', '0507', 'HUANCARAYLLA',  '', ''),
('050713', '0507', 'SARHUA',  '', ''),
('050714', '0507', 'VILCANCHOS',  '', ''),
('050715', '0507', 'ASQUIPATA',  '', ''),
('050801', '0508', 'SANCOS',  '', ''),
('050802', '0508', 'SACSAMARCA',  '', ''),
('050803', '0508', 'SANTIAGO DE LUCANAMARCA',  '', ''),
('050804', '0508', 'CARAPO',  '', ''),
('050901', '0509', 'VILCAS HUAMAN',  '', ''),
('050902', '0509', 'VISCHONGO',  '', ''),
('050903', '0509', 'ACCOMARCA',  '', ''),
('050904', '0509', 'CARHUANCA',  '', ''),
('050905', '0509', 'CONCEPCION',  '', ''),
('050906', '0509', 'HUAMBALPA',  '', ''),
('050907', '0509', 'SAURAMA',  '', ''),
('050908', '0509', 'INDEPENDENCIA',  '', ''),
('051001', '0510', 'PAUSA',  '', ''),
('051002', '0510', 'COLTA',  '', ''),
('051003', '0510', 'CORCULLA',  '', ''),
('051004', '0510', 'LAMPA',  '', ''),
('051005', '0510', 'MARCABAMBA',  '', ''),
('051006', '0510', 'OYOLO',  '', ''),
('051007', '0510', 'PARARCA',  '', ''),
('051008', '0510', 'SAN JAVIER DE ALPABAMBA',  '', ''),
('051009', '0510', 'SAN JOSE DE USHUA',  '', ''),
('051010', '0510', 'SARA SARA',  '', ''),
('051101', '0511', 'QUEROBAMBA',  '', ''),
('051102', '0511', 'BELEN',  '', ''),
('051103', '0511', 'CHALCOS',  '', ''),
('051104', '0511', 'SAN SALVADOR DE QUIJE',  '', ''),
('051105', '0511', 'PAICO',  '', ''),
('051106', '0511', 'SANTIAGO DE PAUCARAY',  '', ''),
('051107', '0511', 'SAN PEDRO DE LARCAY',  '', ''),
('051108', '0511', 'SORAS',  '', ''),
('051109', '0511', 'HUACAÑA',  '', ''),
('051110', '0511', 'CHILCAYOC',  '', ''),
('051111', '0511', 'MORCOLLA',  '', ''),
('060101', '0601', 'CAJAMARCA',  '-7.15703911604979', '-78.5174953937531'),
('060102', '0601', 'ASUNCION',  '', ''),
('060103', '0601', 'COSPAN',  '', ''),
('060104', '0601', 'CHETILLA',  '', ''),
('060105', '0601', 'ENCAÑADA',  '', ''),
('060106', '0601', 'JESUS',  '', ''),
('060107', '0601', 'LOS BAÑOS DEL INCA',  '', ''),
('060108', '0601', 'LLACANORA',  '', ''),
('060109', '0601', 'MAGDALENA',  '', ''),
('060110', '0601', 'MATARA',  '', ''),
('060111', '0601', 'NAMORA',  '', ''),
('060112', '0601', 'SAN JUAN',  '', ''),
('060201', '0602', 'CAJABAMBA',  '', ''),
('060202', '0602', 'CACHACHI',  '', ''),
('060203', '0602', 'CONDEBAMBA',  '', ''),
('060205', '0602', 'SITACOCHA',  '', ''),
('060301', '0603', 'CELENDIN',  '', ''),
('060302', '0603', 'CORTEGANA',  '', ''),
('060303', '0603', 'CHUMUCH',  '', ''),
('060304', '0603', 'HUASMIN',  '', ''),
('060305', '0603', 'JORGE CHAVEZ',  '', ''),
('060306', '0603', 'JOSE GALVEZ',  '', ''),
('060307', '0603', 'MIGUEL IGLESIAS',  '', ''),
('060308', '0603', 'OXAMARCA',  '', ''),
('060309', '0603', 'SOROCHUCO',  '', ''),
('060310', '0603', 'SUCRE',  '', ''),
('060311', '0603', 'UTCO',  '', ''),
('060312', '0603', 'LA LIBERTAD DE PALLAN',  '', ''),
('060401', '0604', 'CONTUMAZA',  '', ''),
('060403', '0604', 'CHILETE',  '', ''),
('060404', '0604', 'GUZMANGO',  '', ''),
('060405', '0604', 'SAN BENITO',  '', ''),
('060406', '0604', 'CUPISNIQUE',  '', ''),
('060407', '0604', 'TANTARICA',  '', ''),
('060408', '0604', 'YONAN',  '', ''),
('060409', '0604', 'STA CRUZ DE TOLEDO',  '', ''),
('060501', '0605', 'CUTERVO',  '', ''),
('060502', '0605', 'CALLAYUC',  '', ''),
('060503', '0605', 'CUJILLO',  '', ''),
('060504', '0605', 'CHOROS',  '', ''),
('060505', '0605', 'LA RAMADA',  '', ''),
('060506', '0605', 'PIMPINGOS',  '', ''),
('060507', '0605', 'QUEROCOTILLO',  '', ''),
('060508', '0605', 'SAN ANDRES DE CUTERVO',  '', ''),
('060509', '0605', 'SAN JUAN DE CUTERVO',  '', ''),
('060510', '0605', 'SAN LUIS DE LUCMA',  '', ''),
('060511', '0605', 'SANTA CRUZ',  '', ''),
('060512', '0605', 'SANTO DOMINGO DE LA CAPILLA',  '', ''),
('060513', '0605', 'SANTO TOMAS',  '', ''),
('060514', '0605', 'SOCOTA',  '', ''),
('060515', '0605', 'TORIBIO CASANOVA',  '', ''),
('060601', '0606', 'CHOTA',  '', ''),
('060602', '0606', 'ANGUIA',  '', ''),
('060603', '0606', 'COCHABAMBA',  '', ''),
('060604', '0606', 'CONCHAN',  '', ''),
('060605', '0606', 'CHADIN',  '', ''),
('060606', '0606', 'CHIGUIRIP',  '', ''),
('060607', '0606', 'CHIMBAN',  '', ''),
('060608', '0606', 'HUAMBOS',  '', ''),
('060609', '0606', 'LAJAS',  '', ''),
('060610', '0606', 'LLAMA',  '', ''),
('060611', '0606', 'MIRACOSTA',  '', ''),
('060612', '0606', 'PACCHA',  '', ''),
('060613', '0606', 'PION',  '', ''),
('060614', '0606', 'QUEROCOTO',  '', ''),
('060615', '0606', 'TACABAMBA',  '', ''),
('060616', '0606', 'TOCMOCHE',  '', ''),
('060617', '0606', 'SAN JUAN DE LICUPIS',  '', ''),
('060618', '0606', 'CHOROPAMPA',  '', ''),
('060619', '0606', 'CHALAMARCA',  '', ''),
('060701', '0607', 'BAMBAMARCA',  '', ''),
('060702', '0607', 'CHUGUR',  '', ''),
('060703', '0607', 'HUALGAYOC',  '', ''),
('060801', '0608', 'JAEN',  '', ''),
('060802', '0608', 'BELLAVISTA',  '', ''),
('060803', '0608', 'COLASAY',  '', ''),
('060804', '0608', 'CHONTALI',  '', ''),
('060805', '0608', 'POMAHUACA',  '', ''),
('060806', '0608', 'PUCARA',  '', ''),
('060807', '0608', 'SALLIQUE',  '', ''),
('060808', '0608', 'SAN FELIPE',  '', ''),
('060809', '0608', 'SAN JOSE DEL ALTO',  '', ''),
('060810', '0608', 'SANTA ROSA',  '', ''),
('060811', '0608', 'LAS PIRIAS',  '', ''),
('060812', '0608', 'HUABAL',  '', ''),
('060901', '0609', 'SANTA CRUZ',  '', ''),
('060902', '0609', 'CATACHE',  '', ''),
('060903', '0609', 'CHANCAIBAÑOS',  '', ''),
('060904', '0609', 'LA ESPERANZA',  '', ''),
('060905', '0609', 'NINABAMBA',  '', ''),
('060906', '0609', 'PULAN',  '', ''),
('060907', '0609', 'SEXI',  '', ''),
('060908', '0609', 'UTICYACU',  '', ''),
('060909', '0609', 'YAUYUCAN',  '', ''),
('060910', '0609', 'ANDABAMBA',  '', ''),
('060911', '0609', 'SAUCEPAMPA',  '', ''),
('061001', '0610', 'SAN MIGUEL',  '', ''),
('061002', '0610', 'CALQUIS',  '', ''),
('061003', '0610', 'LA FLORIDA',  '', ''),
('061004', '0610', 'LLAPA',  '', ''),
('061005', '0610', 'NANCHOC',  '', ''),
('061006', '0610', 'NIEPOS',  '', ''),
('061007', '0610', 'SAN GREGORIO',  '', ''),
('061008', '0610', 'SAN SILVESTRE DE COCHAN',  '', ''),
('061009', '0610', 'EL PRADO',  '', ''),
('061010', '0610', 'UNION AGUA BLANCA',  '', ''),
('061011', '0610', 'TONGOD',  '', ''),
('061012', '0610', 'CATILLUC',  '', ''),
('061013', '0610', 'BOLIVAR',  '', ''),
('061101', '0611', 'SAN IGNACIO',  '', ''),
('061102', '0611', 'CHIRINOS',  '', ''),
('061103', '0611', 'HUARANGO',  '', ''),
('061104', '0611', 'NAMBALLE',  '', ''),
('061105', '0611', 'LA COIPA',  '', ''),
('061106', '0611', 'SAN JOSE DE LOURDES',  '', ''),
('061107', '0611', 'TABACONAS',  '', ''),
('061201', '0612', 'PEDRO GALVEZ',  '', ''),
('061202', '0612', 'ICHOCAN',  '', ''),
('061203', '0612', 'GREGORIO PITA',  '', ''),
('061204', '0612', 'JOSE MANUEL QUIROZ',  '', ''),
('061205', '0612', 'EDUARDO VILLANUEVA',  '', ''),
('061206', '0612', 'JOSE SABOGAL',  '', ''),
('061207', '0612', 'CHANCAY',  '', ''),
('061301', '0613', 'SAN PABLO',  '', ''),
('061302', '0613', 'SAN BERNARDINO',  '', ''),
('061303', '0613', 'SAN LUIS',  '', ''),
('061304', '0613', 'TUMBADEN',  '', ''),
('070101', '0701', 'CUSCO',  '-13.5167371367338', '-71.9787928462029'),
('070102', '0701', 'CCORCA',  '', ''),
('070103', '0701', 'POROY',  '', ''),
('070104', '0701', 'SAN JERONIMO',  '', ''),
('070105', '0701', 'SAN SEBASTIAN',  '', ''),
('070106', '0701', 'SANTIAGO',  '', ''),
('070107', '0701', 'SAYLLA',  '', ''),
('070108', '0701', 'WANCHAQ',  '', ''),
('070201', '0702', 'ACOMAYO',  '', ''),
('070202', '0702', 'ACOPIA',  '', ''),
('070203', '0702', 'ACOS',  '', ''),
('070204', '0702', 'POMACANCHI',  '', ''),
('070205', '0702', 'RONDOCAN',  '', ''),
('070206', '0702', 'SANGARARA',  '', ''),
('070207', '0702', 'MOSOC LLACTA',  '', ''),
('070301', '0703', 'ANTA',  '', ''),
('070302', '0703', 'CHINCHAYPUJIO',  '', ''),
('070303', '0703', 'HUAROCONDO',  '', ''),
('070304', '0703', 'LIMATAMBO',  '', ''),
('070305', '0703', 'MOLLEPATA',  '', ''),
('070306', '0703', 'PUCYURA',  '', ''),
('070307', '0703', 'ZURITE',  '', ''),
('070308', '0703', 'CACHIMAYO',  '', ''),
('070309', '0703', 'ANCAHUASI',  '', ''),
('070401', '0704', 'CALCA',  '', ''),
('070402', '0704', 'COYA',  '', ''),
('070403', '0704', 'LAMAY',  '', ''),
('070404', '0704', 'LARES',  '', ''),
('070405', '0704', 'PISAC',  '', ''),
('070406', '0704', 'SAN SALVADOR',  '', ''),
('070407', '0704', 'TARAY',  '', ''),
('070408', '0704', 'YANATILE',  '', ''),
('070501', '0705', 'YANAOCA',  '', ''),
('070502', '0705', 'CHECCA',  '', ''),
('070503', '0705', 'KUNTURKANKI',  '', ''),
('070504', '0705', 'LANGUI',  '', ''),
('070505', '0705', 'LAYO',  '', ''),
('070506', '0705', 'PAMPAMARCA',  '', ''),
('070507', '0705', 'QUEHUE',  '', ''),
('070508', '0705', 'TUPAC AMARU',  '', ''),
('070601', '0706', 'SICUANI',  '', ''),
('070602', '0706', 'COMBAPATA',  '', ''),
('070603', '0706', 'CHECACUPE',  '', ''),
('070604', '0706', 'MARANGANI',  '', ''),
('070605', '0706', 'PITUMARCA',  '', ''),
('070606', '0706', 'SAN PABLO',  '', ''),
('070607', '0706', 'SAN PEDRO',  '', ''),
('070608', '0706', 'TINTA',  '', ''),
('070701', '0707', 'SANTO TOMAS',  '', ''),
('070702', '0707', 'CAPACMARCA',  '', ''),
('070703', '0707', 'COLQUEMARCA',  '', ''),
('070704', '0707', 'CHAMACA',  '', ''),
('070705', '0707', 'LIVITACA',  '', ''),
('070706', '0707', 'LLUSCO',  '', ''),
('070707', '0707', 'QUIÑOTA',  '', ''),
('070708', '0707', 'VELILLE',  '', ''),
('070801', '0708', 'ESPINAR',  '', ''),
('070802', '0708', 'CONDOROMA',  '', ''),
('070803', '0708', 'COPORAQUE',  '', ''),
('070804', '0708', 'OCORURO',  '', ''),
('070805', '0708', 'PALLPATA',  '', ''),
('070806', '0708', 'PICHIGUA',  '', ''),
('070807', '0708', 'SUYKUTAMBO',  '', ''),
('070808', '0708', 'ALTO PICHIGUA',  '', ''),
('070901', '0709', 'SANTA ANA',  '', ''),
('070902', '0709', 'ECHARATE',  '', ''),
('070903', '0709', 'HUAYOPATA',  '', ''),
('070904', '0709', 'MARANURA',  '', ''),
('070905', '0709', 'OCOBAMBA',  '', ''),
('070906', '0709', 'SANTA TERESA',  '', ''),
('070907', '0709', 'VILCABAMBA',  '', ''),
('070908', '0709', 'QUELLOUNO',  '', ''),
('070909', '0709', 'KIMBIRI',  '', ''),
('070910', '0709', 'PICHARI',  '', ''),
('071001', '0710', 'PARURO',  '', ''),
('071002', '0710', 'ACCHA',  '', ''),
('071003', '0710', 'CCAPI',  '', ''),
('071004', '0710', 'COLCHA',  '', ''),
('071005', '0710', 'HUANOQUITE',  '', ''),
('071006', '0710', 'OMACHA',  '', ''),
('071007', '0710', 'YAURISQUE',  '', ''),
('071008', '0710', 'PACCARITAMBO',  '', ''),
('071009', '0710', 'PILLPINTO',  '', ''),
('071101', '0711', 'PAUCARTAMBO',  '', ''),
('071102', '0711', 'CAICAY',  '', ''),
('071103', '0711', 'COLQUEPATA',  '', ''),
('071104', '0711', 'CHALLABAMBA',  '', ''),
('071105', '0711', 'COSÑIPATA',  '', ''),
('071106', '0711', 'HUANCARANI',  '', ''),
('071201', '0712', 'URCOS',  '', ''),
('071202', '0712', 'ANDAHUAYLILLAS',  '', ''),
('071203', '0712', 'CAMANTI',  '', ''),
('071204', '0712', 'CCARHUAYO',  '', ''),
('071205', '0712', 'CCATCA',  '', ''),
('071206', '0712', 'CUSIPATA',  '', ''),
('071207', '0712', 'HUARO',  '', ''),
('071208', '0712', 'LUCRE',  '', ''),
('071209', '0712', 'MARCAPATA',  '', ''),
('071210', '0712', 'OCONGATE',  '', ''),
('071211', '0712', 'OROPESA',  '', ''),
('071212', '0712', 'QUIQUIJANA',  '', ''),
('071301', '0713', 'URUBAMBA',  '', ''),
('071302', '0713', 'CHINCHERO',  '', ''),
('071303', '0713', 'HUAYLLABAMBA',  '', ''),
('071304', '0713', 'MACHUPICCHU',  '', ''),
('071305', '0713', 'MARAS',  '', ''),
('071306', '0713', 'OLLANTAYTAMBO',  '', ''),
('071307', '0713', 'YUCAY',  '', ''),
('080101', '0801', 'HUANCAVELICA',  '-12.7872516772019', '-74.9731144309044'),
('080102', '0801', 'ACOBAMBILLA',  '', ''),
('080103', '0801', 'ACORIA',  '', ''),
('080104', '0801', 'CONAYCA',  '', ''),
('080105', '0801', 'CUENCA',  '', ''),
('080106', '0801', 'HUACHOCOLPA',  '', ''),
('080108', '0801', 'HUAYLLAHUARA',  '', ''),
('080109', '0801', 'IZCUCHACA',  '', ''),
('080110', '0801', 'LARIA',  '', ''),
('080111', '0801', 'MANTA',  '', ''),
('080112', '0801', 'MARISCAL CACERES',  '', ''),
('080113', '0801', 'MOYA',  '', ''),
('080114', '0801', 'NUEVO OCCORO',  '', ''),
('080115', '0801', 'PALCA',  '', ''),
('080116', '0801', 'PILCHACA',  '', ''),
('080117', '0801', 'VILCA',  '', ''),
('080118', '0801', 'YAULI',  '', ''),
('080119', '0801', 'ASCENCION',  '', ''),
('080120', '0801', 'HUANDO',  '', ''),
('080201', '0802', 'ACOBAMBA',  '', ''),
('080202', '0802', 'ANTA',  '', ''),
('080203', '0802', 'ANDABAMBA',  '', ''),
('080204', '0802', 'CAJA',  '', ''),
('080205', '0802', 'MARCAS',  '', ''),
('080206', '0802', 'PAUCARA',  '', ''),
('080207', '0802', 'POMACOCHA',  '', ''),
('080208', '0802', 'ROSARIO',  '', ''),
('080301', '0803', 'LIRCAY',  '', ''),
('080302', '0803', 'ANCHONGA',  '', ''),
('080303', '0803', 'CALLANMARCA',  '', ''),
('080304', '0803', 'CONGALLA',  '', ''),
('080305', '0803', 'CHINCHO',  '', ''),
('080306', '0803', 'HUAYLLAY GRANDE',  '', ''),
('080307', '0803', 'HUANCA HUANCA',  '', ''),
('080308', '0803', 'JULCAMARCA',  '', ''),
('080309', '0803', 'SAN ANTONIO DE ANTAPARCO',  '', ''),
('080310', '0803', 'STO TOMAS DE PATA',  '', ''),
('080311', '0803', 'SECCLLA',  '', ''),
('080312', '0803', 'CCOCHACCASA',  '', ''),
('080401', '0804', 'CASTROVIRREYNA',  '', ''),
('080402', '0804', 'ARMA',  '', ''),
('080403', '0804', 'AURAHUA',  '', ''),
('080405', '0804', 'CAPILLAS',  '', ''),
('080406', '0804', 'COCAS',  '', ''),
('080408', '0804', 'CHUPAMARCA',  '', ''),
('080409', '0804', 'HUACHOS',  '', ''),
('080410', '0804', 'HUAMATAMBO',  '', ''),
('080414', '0804', 'MOLLEPAMPA',  '', ''),
('080422', '0804', 'SAN JUAN',  '', ''),
('080427', '0804', 'TANTARA',  '', ''),
('080428', '0804', 'TICRAPO',  '', ''),
('080429', '0804', 'SANTA ANA',  '', ''),
('080501', '0805', 'PAMPAS',  '', ''),
('080502', '0805', 'ACOSTAMBO',  '', ''),
('080503', '0805', 'ACRAQUIA',  '', ''),
('080504', '0805', 'AHUAYCHA',  '', ''),
('080506', '0805', 'COLCABAMBA',  '', ''),
('080509', '0805', 'DANIEL HERNANDEZ',  '', ''),
('080511', '0805', 'HUACHOCOLPA',  '', ''),
('080512', '0805', 'HUARIBAMBA',  '', ''),
('080515', '0805', 'ÑAHUIMPUQUIO',  '', ''),
('080517', '0805', 'PAZOS',  '', ''),
('080518', '0805', 'QUISHUAR',  '', ''),
('080519', '0805', 'SALCABAMBA',  '', ''),
('080520', '0805', 'SAN MARCOS DE ROCCHAC',  '', ''),
('080523', '0805', 'SURCUBAMBA',  '', ''),
('080525', '0805', 'TINTAY PUNCU',  '', ''),
('080526', '0805', 'SALCAHUASI',  '', ''),
('080601', '0806', 'AYAVI',  '', ''),
('080602', '0806', 'CORDOVA',  '', ''),
('080603', '0806', 'HUAYACUNDO ARMA',  '', ''),
('080604', '0806', 'HUAYTARA',  '', ''),
('080605', '0806', 'LARAMARCA',  '', ''),
('080606', '0806', 'OCOYO',  '', ''),
('080607', '0806', 'PILPICHACA',  '', ''),
('080608', '0806', 'QUERCO',  '', ''),
('080609', '0806', 'QUITO ARMA',  '', ''),
('080610', '0806', 'SAN ANTONIO DE CUSICANCHA',  '', ''),
('080611', '0806', 'SAN FRANCISCO DE SANGAYAICO',  '', ''),
('080612', '0806', 'SAN ISIDRO',  '', ''),
('080613', '0806', 'SANTIAGO DE CHOCORVOS',  '', ''),
('080614', '0806', 'SANTIAGO DE QUIRAHUARA',  '', ''),
('080615', '0806', 'SANTO DOMINGO DE CAPILLA',  '', ''),
('080616', '0806', 'TAMBO',  '', ''),
('080701', '0807', 'CHURCAMPA',  '', ''),
('080702', '0807', 'ANCO',  '', ''),
('080703', '0807', 'CHINCHIHUASI',  '', ''),
('080704', '0807', 'EL CARMEN',  '', ''),
('080705', '0807', 'LA MERCED',  '', ''),
('080706', '0807', 'LOCROJA',  '', ''),
('080707', '0807', 'PAUCARBAMBA',  '', ''),
('080708', '0807', 'SAN MIGUEL DE MAYOC',  '', ''),
('080709', '0807', 'SAN PEDRO DE CORIS',  '', ''),
('080710', '0807', 'PACHAMARCA',  '', ''),
('090101', '0901', 'HUANUCO',  '-9.92942858584553', '-76.2397232651711'),
('090102', '0901', 'CHINCHAO',  '', ''),
('090103', '0901', 'CHURUBAMBA',  '', ''),
('090104', '0901', 'MARGOS',  '', ''),
('090105', '0901', 'QUISQUI',  '', ''),
('090106', '0901', 'SAN FCO DE CAYRAN',  '', ''),
('090107', '0901', 'SAN PEDRO DE CHAULAN',  '', ''),
('090108', '0901', 'STA MARIA DEL VALLE',  '', ''),
('090109', '0901', 'YARUMAYO',  '', ''),
('090110', '0901', 'AMARILIS',  '', ''),
('090111', '0901', 'PILLCO MARCA',  '', ''),
('090201', '0902', 'AMBO',  '', ''),
('090202', '0902', 'CAYNA',  '', ''),
('090203', '0902', 'COLPAS',  '', ''),
('090204', '0902', 'CONCHAMARCA',  '', ''),
('090205', '0902', 'HUACAR',  '', ''),
('090206', '0902', 'SAN FRANCISCO',  '', ''),
('090207', '0902', 'SAN RAFAEL',  '', ''),
('090208', '0902', 'TOMAY KICHWA',  '', ''),
('090301', '0903', 'LA UNION',  '', ''),
('090307', '0903', 'CHUQUIS',  '', ''),
('090312', '0903', 'MARIAS',  '', ''),
('090314', '0903', 'PACHAS',  '', ''),
('090316', '0903', 'QUIVILLA',  '', ''),
('090317', '0903', 'RIPAN',  '', ''),
('090321', '0903', 'SHUNQUI',  '', ''),
('090322', '0903', 'SILLAPATA',  '', ''),
('090323', '0903', 'YANAS',  '', ''),
('090401', '0904', 'LLATA',  '', ''),
('090402', '0904', 'ARANCAY',  '', ''),
('090403', '0904', 'CHAVIN DE PARIARCA',  '', ''),
('090404', '0904', 'JACAS GRANDE',  '', ''),
('090405', '0904', 'JIRCAN',  '', ''),
('090406', '0904', 'MIRAFLORES',  '', ''),
('090407', '0904', 'MONZON',  '', ''),
('090408', '0904', 'PUNCHAO',  '', ''),
('090409', '0904', 'PUÑOS',  '', ''),
('090410', '0904', 'SINGA',  '', ''),
('090411', '0904', 'TANTAMAYO',  '', ''),
('090501', '0905', 'HUACRACHUCO',  '', ''),
('090502', '0905', 'CHOLON',  '', ''),
('090505', '0905', 'SAN BUENAVENTURA',  '', ''),
('090601', '0906', 'RUPA RUPA',  '', ''),
('090602', '0906', 'DANIEL ALOMIA ROBLES',  '', ''),
('090603', '0906', 'HERMILIO VALDIZAN',  '', ''),
('090604', '0906', 'LUYANDO',  '', ''),
('090605', '0906', 'MARIANO DAMASO BERAUN',  '', ''),
('090606', '0906', 'JOSE CRESPO Y CASTILLO',  '', ''),
('090701', '0907', 'PANAO',  '', ''),
('090702', '0907', 'CHAGLLA',  '', ''),
('090704', '0907', 'MOLINO',  '', ''),
('090706', '0907', 'UMARI',  '', ''),
('090801', '0908', 'HONORIA',  '', ''),
('090802', '0908', 'PUERTO INCA',  '', ''),
('090803', '0908', 'CODO DEL POZUZO',  '', ''),
('090804', '0908', 'TOURNAVISTA',  '', ''),
('090805', '0908', 'YUYAPICHIS',  '', ''),
('090901', '0909', 'HUACAYBAMBA',  '', ''),
('090902', '0909', 'PINRA',  '', ''),
('090903', '0909', 'CANCHABAMBA',  '', ''),
('090904', '0909', 'COCHABAMBA',  '', ''),
('091001', '0910', 'JESUS',  '', ''),
('091002', '0910', 'BAÑOS',  '', ''),
('091003', '0910', 'SAN FRANCISCO DE ASIS',  '', ''),
('091004', '0910', 'QUEROPALCA',  '', ''),
('091005', '0910', 'SAN MIGUEL DE CAURI',  '', ''),
('091006', '0910', 'RONDOS',  '', ''),
('091007', '0910', 'JIVIA',  '', ''),
('091101', '0911', 'CHAVINILLO',  '', ''),
('091102', '0911', 'APARICIO POMARES (CHUPAN)',  '', ''),
('091103', '0911', 'CAHUAC',  '', ''),
('091104', '0911', 'CHACABAMBA',  '', ''),
('091105', '0911', 'JACAS CHICO',  '', ''),
('091106', '0911', 'OBAS',  '', ''),
('091107', '0911', 'PAMPAMARCA',  '', ''),
('091108', '0911', 'CHORAS',  '', ''),
('100101', '1001', 'ICA',  '-14.063968083085', '-75.7291030883789'),
('100102', '1001', 'LA TINGUIÑA',  '', ''),
('100103', '1001', 'LOS AQUIJES',  '', ''),
('100104', '1001', 'PARCONA',  '', ''),
('100105', '1001', 'PUEBLO NUEVO',  '', ''),
('100106', '1001', 'SALAS',  '', ''),
('100107', '1001', 'SAN JOSE DE LOS MOLINOS',  '', ''),
('100108', '1001', 'SAN JUAN BAUTISTA',  '', ''),
('100109', '1001', 'SANTIAGO',  '', ''),
('100110', '1001', 'SUBTANJALLA',  '', ''),
('100111', '1001', 'YAUCA DEL ROSARIO',  '', ''),
('100112', '1001', 'TATE',  '', ''),
('100113', '1001', 'PACHACUTEC',  '', ''),
('100114', '1001', 'OCUCAJE',  '', ''),
('100201', '1002', 'CHINCHA ALTA',  '', ''),
('100202', '1002', 'CHAVIN',  '', ''),
('100203', '1002', 'CHINCHA BAJA',  '', ''),
('100204', '1002', 'EL CARMEN',  '', ''),
('100205', '1002', 'GROCIO PRADO',  '', ''),
('100206', '1002', 'SAN PEDRO DE HUACARPANA',  '', ''),
('100207', '1002', 'SUNAMPE',  '', ''),
('100208', '1002', 'TAMBO DE MORA',  '', ''),
('100209', '1002', 'ALTO LARAN',  '', ''),
('100210', '1002', 'PUEBLO NUEVO',  '', ''),
('100211', '1002', 'SAN JUAN DE YANAC',  '', ''),
('100301', '1003', 'NAZCA',  '', ''),
('100302', '1003', 'CHANGUILLO',  '', ''),
('100303', '1003', 'EL INGENIO',  '', ''),
('100304', '1003', 'MARCONA',  '', ''),
('100305', '1003', 'VISTA ALEGRE',  '', ''),
('100401', '1004', 'PISCO',  '', ''),
('100402', '1004', 'HUANCANO',  '', ''),
('100403', '1004', 'HUMAY',  '', ''),
('100404', '1004', 'INDEPENDENCIA',  '', ''),
('100405', '1004', 'PARACAS',  '', ''),
('100406', '1004', 'SAN ANDRES',  '', ''),
('100407', '1004', 'SAN CLEMENTE',  '', ''),
('100408', '1004', 'TUPAC AMARU INCA',  '', ''),
('100501', '1005', 'PALPA',  '', ''),
('100502', '1005', 'LLIPATA',  '', ''),
('100503', '1005', 'RIO GRANDE',  '', ''),
('100504', '1005', 'SANTA CRUZ',  '', ''),
('100505', '1005', 'TIBILLO',  '', ''),
('110101', '1101', 'HUANCAYO',  '-12.0679789411328', '-75.2100728452206'),
('110103', '1101', 'CARHUACALLANGA',  '', ''),
('110104', '1101', 'COLCA',  '', ''),
('110105', '1101', 'CULLHUAS',  '', ''),
('110106', '1101', 'CHACAPAMPA',  '', ''),
('110107', '1101', 'CHICCHE',  '', ''),
('110108', '1101', 'CHILCA',  '-12.086256224912916', '-75.20827442407608'),
('110109', '1101', 'CHONGOS ALTO',  '', ''),
('110112', '1101', 'CHUPURO',  '', ''),
('110113', '1101', 'EL TAMBO',  '-12.049678770067745', '-75.22206734865904'),
('110114', '1101', 'HUACRAPUQUIO',  '', ''),
('110116', '1101', 'HUALHUAS',  '', ''),
('110118', '1101', 'HUANCAN',  '', ''),
('110119', '1101', 'HUASICANCHA',  '', ''),
('110120', '1101', 'HUAYUCACHI',  '', ''),
('110121', '1101', 'INGENIO',  '', ''),
('110122', '1101', 'PARIAHUANCA',  '', ''),
('110123', '1101', 'PILCOMAYO',  '', ''),
('110124', '1101', 'PUCARA',  '', ''),
('110125', '1101', 'QUICHUAY',  '', ''),
('110126', '1101', 'QUILCAS',  '', ''),
('110127', '1101', 'SAN AGUSTIN',  '', ''),
('110128', '1101', 'SAN JERONIMO DE TUNAN',  '', ''),
('110131', '1101', 'STO DOMINGO DE ACOBAMBA',  '', ''),
('110132', '1101', 'SAÑO',  '', ''),
('110133', '1101', 'SAPALLANGA',  '', ''),
('110134', '1101', 'SICAYA',  '', ''),
('110136', '1101', 'VIQUES',  '', ''),
('110201', '1102', 'CONCEPCION',  '', ''),
('110202', '1102', 'ACO',  '', ''),
('110203', '1102', 'ANDAMARCA',  '', ''),
('110204', '1102', 'COMAS',  '', ''),
('110205', '1102', 'COCHAS',  '', ''),
('110206', '1102', 'CHAMBARA',  '', ''),
('110207', '1102', 'HEROINAS TOLEDO',  '', ''),
('110208', '1102', 'MANZANARES',  '', ''),
('110209', '1102', 'MCAL CASTILLA',  '', ''),
('110210', '1102', 'MATAHUASI',  '', ''),
('110211', '1102', 'MITO',  '', ''),
('110212', '1102', 'NUEVE DE JULIO',  '', ''),
('110213', '1102', 'ORCOTUNA',  '', ''),
('110214', '1102', 'STA ROSA DE OCOPA',  '', ''),
('110215', '1102', 'SAN JOSE DE QUERO',  '', ''),
('110301', '1103', 'JAUJA',  '', ''),
('110302', '1103', 'ACOLLA',  '', ''),
('110303', '1103', 'APATA',  '', ''),
('110304', '1103', 'ATAURA',  '', ''),
('110305', '1103', 'CANCHAILLO',  '', ''),
('110306', '1103', 'EL MANTARO',  '', ''),
('110307', '1103', 'HUAMALI',  '', ''),
('110308', '1103', 'HUARIPAMPA',  '', ''),
('110309', '1103', 'HUERTAS',  '', ''),
('110310', '1103', 'JANJAILLO',  '', ''),
('110311', '1103', 'JULCAN',  '', ''),
('110312', '1103', 'LEONOR ORDOÑEZ',  '', ''),
('110313', '1103', 'LLOCLLAPAMPA',  '', ''),
('110314', '1103', 'MARCO',  '', ''),
('110315', '1103', 'MASMA',  '', ''),
('110316', '1103', 'MOLINOS',  '', ''),
('110317', '1103', 'MONOBAMBA',  '', ''),
('110318', '1103', 'MUQUI',  '', ''),
('110319', '1103', 'MUQUIYAUYO',  '', ''),
('110320', '1103', 'PACA',  '', ''),
('110321', '1103', 'PACCHA',  '', ''),
('110322', '1103', 'PANCAN',  '', ''),
('110323', '1103', 'PARCO',  '', ''),
('110324', '1103', 'POMACANCHA',  '', ''),
('110325', '1103', 'RICRAN',  '', ''),
('110326', '1103', 'SAN LORENZO',  '', ''),
('110327', '1103', 'SAN PEDRO DE CHUNAN',  '', ''),
('110328', '1103', 'SINCOS',  '', ''),
('110329', '1103', 'TUNAN MARCA',  '', ''),
('110330', '1103', 'YAULI',  '', ''),
('110331', '1103', 'CURICACA',  '', ''),
('110332', '1103', 'MASMA CHICCHE',  '', ''),
('110333', '1103', 'SAUSA',  '', ''),
('110334', '1103', 'YAUYOS',  '', ''),
('110401', '1104', 'JUNIN',  '', ''),
('110402', '1104', 'CARHUAMAYO',  '', ''),
('110403', '1104', 'ONDORES',  '', ''),
('110404', '1104', 'ULCUMAYO',  '', ''),
('110501', '1105', 'TARMA',  '', ''),
('110502', '1105', 'ACOBAMBA',  '', ''),
('110503', '1105', 'HUARICOLCA',  '', ''),
('110504', '1105', 'HUASAHUASI',  '', ''),
('110505', '1105', 'LA UNION',  '', ''),
('110506', '1105', 'PALCA',  '', ''),
('110507', '1105', 'PALCAMAYO',  '', ''),
('110508', '1105', 'SAN PEDRO DE CAJAS',  '', ''),
('110509', '1105', 'TAPO',  '', ''),
('110601', '1106', 'LA OROYA',  '', ''),
('110602', '1106', 'CHACAPALPA',  '', ''),
('110603', '1106', 'HUAY HUAY',  '', ''),
('110604', '1106', 'MARCAPOMACOCHA',  '', ''),
('110605', '1106', 'MOROCOCHA',  '', ''),
('110606', '1106', 'PACCHA',  '', ''),
('110607', '1106', 'STA BARBARA DE CARHUACAYAN',  '', ''),
('110608', '1106', 'SUITUCANCHA',  '', ''),
('110609', '1106', 'YAULI',  '', ''),
('110610', '1106', 'STA ROSA DE SACCO',  '', ''),
('110701', '1107', 'SATIPO',  '', ''),
('110702', '1107', 'COVIRIALI',  '', ''),
('110703', '1107', 'LLAYLLA',  '', ''),
('110704', '1107', 'MAZAMARI',  '', ''),
('110705', '1107', 'PAMPA HERMOSA',  '', ''),
('110706', '1107', 'PANGOA',  '', ''),
('110707', '1107', 'RIO NEGRO',  '', ''),
('110708', '1107', 'RIO TAMBO',  '', ''),
('110801', '1108', 'CHANCHAMAYO',  '', ''),
('110802', '1108', 'SAN RAMON',  '', ''),
('110803', '1108', 'VITOC',  '', ''),
('110804', '1108', 'SAN LUIS DE SHUARO',  '', ''),
('110805', '1108', 'PICHANAQUI',  '', ''),
('110806', '1108', 'PERENE',  '', ''),
('110901', '1109', 'CHUPACA',  '', ''),
('110902', '1109', 'AHUAC',  '', ''),
('110903', '1109', 'CHONGOS BAJO',  '', ''),
('110904', '1109', 'HUACHAC',  '', ''),
('110905', '1109', 'HUAMANCACA CHICO',  '', ''),
('110906', '1109', 'SAN JUAN DE ISCOS',  '', ''),
('110907', '1109', 'SAN JUAN DE JARPA',  '', ''),
('110908', '1109', 'TRES DE DICIEMBRE',  '', ''),
('110909', '1109', 'YANACANCHA',  '', ''),
('120101', '1201', 'TRUJILLO',  '-8.11179350006337', '-79.0286922454834'),
('120102', '1201', 'HUANCHACO',  '', ''),
('120103', '1201', 'LAREDO',  '', ''),
('120104', '1201', 'MOCHE',  '', ''),
('120105', '1201', 'SALAVERRY',  '', ''),
('120106', '1201', 'SIMBAL',  '', ''),
('120107', '1201', 'VICTOR LARCO HERRERA',  '', ''),
('120109', '1201', 'POROTO',  '', ''),
('120110', '1201', 'EL PORVENIR',  '', ''),
('120111', '1201', 'LA ESPERANZA',  '', ''),
('120112', '1201', 'FLORENCIA DE MORA',  '', ''),
('120201', '1202', 'BOLIVAR',  '', ''),
('120202', '1202', 'BAMBAMARCA',  '', ''),
('120203', '1202', 'CONDORMARCA',  '', ''),
('120204', '1202', 'LONGOTEA',  '', ''),
('120205', '1202', 'UCUNCHA',  '', ''),
('120206', '1202', 'UCHUMARCA',  '', ''),
('120301', '1203', 'HUAMACHUCO',  '', ''),
('120302', '1203', 'COCHORCO',  '', ''),
('120303', '1203', 'CURGOS',  '', ''),
('120304', '1203', 'CHUGAY',  '', ''),
('120305', '1203', 'MARCABAL',  '', ''),
('120306', '1203', 'SANAGORAN',  '', ''),
('120307', '1203', 'SARIN',  '', ''),
('120308', '1203', 'SARTIMBAMBA',  '', ''),
('120401', '1204', 'OTUZCO',  '', ''),
('120402', '1204', 'AGALLPAMPA',  '', ''),
('120403', '1204', 'CHARAT',  '', ''),
('120404', '1204', 'HUARANCHAL',  '', ''),
('120405', '1204', 'LA CUESTA',  '', ''),
('120408', '1204', 'PARANDAY',  '', ''),
('120409', '1204', 'SALPO',  '', ''),
('120410', '1204', 'SINSICAP',  '', ''),
('120411', '1204', 'USQUIL',  '', ''),
('120413', '1204', 'MACHE',  '', ''),
('120501', '1205', 'SAN PEDRO DE LLOC',  '', ''),
('120503', '1205', 'GUADALUPE',  '', ''),
('120504', '1205', 'JEQUETEPEQUE',  '', ''),
('120506', '1205', 'PACASMAYO',  '', ''),
('120508', '1205', 'SAN JOSE',  '', ''),
('120601', '1206', 'TAYABAMBA',  '', ''),
('120602', '1206', 'BULDIBUYO',  '', ''),
('120603', '1206', 'CHILLIA',  '', ''),
('120604', '1206', 'HUAYLILLAS',  '', ''),
('120605', '1206', 'HUANCASPATA',  '', ''),
('120606', '1206', 'HUAYO',  '', ''),
('120607', '1206', 'ONGON',  '', ''),
('120608', '1206', 'PARCOY',  '', ''),
('120609', '1206', 'PATAZ',  '', ''),
('120610', '1206', 'PIAS',  '', ''),
('120611', '1206', 'TAURIJA',  '', ''),
('120612', '1206', 'URPAY',  '', ''),
('120613', '1206', 'SANTIAGO DE CHALLAS',  '', ''),
('120701', '1207', 'SANTIAGO DE CHUCO',  '', ''),
('120702', '1207', 'CACHICADAN',  '', ''),
('120703', '1207', 'MOLLEBAMBA',  '', ''),
('120704', '1207', 'MOLLEPATA',  '', ''),
('120705', '1207', 'QUIRUVILCA',  '', ''),
('120706', '1207', 'SANTA CRUZ DE CHUCA',  '', ''),
('120707', '1207', 'SITABAMBA',  '', ''),
('120708', '1207', 'ANGASMARCA',  '', ''),
('120801', '1208', 'ASCOPE',  '', ''),
('120802', '1208', 'CHICAMA',  '', ''),
('120803', '1208', 'CHOCOPE',  '', ''),
('120804', '1208', 'SANTIAGO DE CAO',  '', ''),
('120805', '1208', 'MAGDALENA DE CAO',  '', ''),
('120806', '1208', 'PAIJAN',  '', ''),
('120807', '1208', 'RAZURI',  '', ''),
('120808', '1208', 'CASA GRANDE',  '', ''),
('120901', '1209', 'CHEPEN',  '', ''),
('120902', '1209', 'PACANGA',  '', ''),
('120903', '1209', 'PUEBLO NUEVO',  '', ''),
('121001', '1210', 'JULCAN',  '', ''),
('121002', '1210', 'CARABAMBA',  '', ''),
('121003', '1210', 'CALAMARCA',  '', ''),
('121004', '1210', 'HUASO',  '', ''),
('121101', '1211', 'CASCAS',  '', ''),
('121102', '1211', 'LUCMA',  '', ''),
('121103', '1211', 'MARMOT',  '', ''),
('121104', '1211', 'SAYAPULLO',  '', ''),
('121201', '1212', 'VIRU',  '', ''),
('121202', '1212', 'CHAO',  '', ''),
('121203', '1212', 'GUADALUPITO',  '', ''),
('130101', '1301', 'CHICLAYO',  '-6.7716040893789', '-79.838727414608'),
('130102', '1301', 'CHONGOYAPE',  '', ''),
('130103', '1301', 'ETEN',  '', ''),
('130104', '1301', 'ETEN PUERTO',  '', ''),
('130105', '1301', 'LAGUNAS',  '', ''),
('130106', '1301', 'MONSEFU',  '', ''),
('130107', '1301', 'NUEVA ARICA',  '', ''),
('130108', '1301', 'OYOTUN',  '', ''),
('130109', '1301', 'PICSI',  '', ''),
('130110', '1301', 'PIMENTEL',  '', ''),
('130111', '1301', 'REQUE',  '', ''),
('130112', '1301', 'JOSE LEONARDO ORTIZ',  '', ''),
('130113', '1301', 'SANTA ROSA',  '', ''),
('130114', '1301', 'SAÑA',  '', ''),
('130115', '1301', 'LA VICTORIA',  '', ''),
('130116', '1301', 'CAYALTI',  '', ''),
('130117', '1301', 'PATAPO',  '', ''),
('130118', '1301', 'POMALCA',  '', ''),
('130119', '1301', 'PUCALA',  '', ''),
('130120', '1301', 'TUMAN',  '', ''),
('130201', '1302', 'FERREÑAFE',  '', ''),
('130202', '1302', 'INCAHUASI',  '', ''),
('130203', '1302', 'CAÑARIS',  '', ''),
('130204', '1302', 'PITIPO',  '', ''),
('130205', '1302', 'PUEBLO NUEVO',  '', ''),
('130206', '1302', 'MANUEL ANTONIO MESONES MURO',  '', ''),
('130301', '1303', 'LAMBAYEQUE',  '', ''),
('130302', '1303', 'CHOCHOPE',  '', ''),
('130303', '1303', 'ILLIMO',  '', ''),
('130304', '1303', 'JAYANCA',  '', ''),
('130305', '1303', 'MOCHUMI',  '', ''),
('130306', '1303', 'MORROPE',  '', ''),
('130307', '1303', 'MOTUPE',  '', ''),
('130308', '1303', 'OLMOS',  '', ''),
('130309', '1303', 'PACORA',  '', ''),
('130310', '1303', 'SALAS',  '', ''),
('130311', '1303', 'SAN JOSE',  '', ''),
('130312', '1303', 'TUCUME',  '', ''),
('140101', '1401', 'LIMA',  '-12.0459572044035', '-77.0305860042572'),
('140102', '1401', 'ANCON',  '', ''),
('140103', '1401', 'ATE',  '', ''),
('140104', '1401', 'BREÑA',  '', ''),
('140105', '1401', 'CARABAYLLO',  '', ''),
('140106', '1401', 'COMAS',  '', ''),
('140107', '1401', 'CHACLACAYO',  '', ''),
('140108', '1401', 'CHORRILLOS',  '', ''),
('140109', '1401', 'LA VICTORIA',  '', ''),
('140110', '1401', 'LA MOLINA',  '', ''),
('140111', '1401', 'LINCE',  '', ''),
('140112', '1401', 'LURIGANCHO',  '', ''),
('140113', '1401', 'LURIN',  '', ''),
('140114', '1401', 'MAGDALENA DEL MAR',  '', ''),
('140115', '1401', 'MIRAFLORES',  '', ''),
('140116', '1401', 'PACHACAMAC',  '', ''),
('140117', '1401', 'PUEBLO LIBRE',  '', ''),
('140118', '1401', 'PUCUSANA',  '', ''),
('140119', '1401', 'PUENTE PIEDRA',  '', ''),
('140120', '1401', 'PUNTA HERMOSA',  '', ''),
('140121', '1401', 'PUNTA NEGRA',  '', ''),
('140122', '1401', 'RIMAC',  '', ''),
('140123', '1401', 'SAN BARTOLO',  '', ''),
('140124', '1401', 'SAN ISIDRO',  '', ''),
('140125', '1401', 'BARRANCO',  '', ''),
('140126', '1401', 'SAN MARTIN DE PORRES',  '', ''),
('140127', '1401', 'SAN MIGUEL',  '', ''),
('140128', '1401', 'STA MARIA DEL MAR',  '', ''),
('140129', '1401', 'SANTA ROSA',  '', ''),
('140130', '1401', 'SANTIAGO DE SURCO',  '', ''),
('140131', '1401', 'SURQUILLO',  '', ''),
('140132', '1401', 'VILLA MARIA DEL TRIUNFO',  '', ''),
('140133', '1401', 'JESUS MARIA',  '', ''),
('140134', '1401', 'INDEPENDENCIA',  '', ''),
('140135', '1401', 'EL AGUSTINO',  '', ''),
('140136', '1401', 'SAN JUAN DE MIRAFLORES',  '', ''),
('140137', '1401', 'SAN JUAN DE LURIGANCHO',  '', ''),
('140138', '1401', 'SAN LUIS',  '', ''),
('140139', '1401', 'CIENEGUILLA',  '', ''),
('140140', '1401', 'SAN BORJA',  '', ''),
('140141', '1401', 'VILLA EL SALVADOR',  '', ''),
('140142', '1401', 'LOS OLIVOS',  '', ''),
('140143', '1401', 'SANTA ANITA',  '', ''),
('140201', '1402', 'CAJATAMBO',  '', ''),
('140205', '1402', 'COPA',  '', ''),
('140206', '1402', 'GORGOR',  '', ''),
('140207', '1402', 'HUANCAPON',  '', ''),
('140208', '1402', 'MANAS',  '', ''),
('140301', '1403', 'CANTA',  '', ''),
('140302', '1403', 'ARAHUAY',  '', ''),
('140303', '1403', 'HUAMANTANGA',  '', ''),
('140304', '1403', 'HUAROS',  '', ''),
('140305', '1403', 'LACHAQUI',  '', ''),
('140306', '1403', 'SAN BUENAVENTURA',  '', ''),
('140307', '1403', 'SANTA ROSA DE QUIVES',  '', ''),
('140401', '1404', 'SAN VICENTE DE CAÑETE',  '', ''),
('140402', '1404', 'CALANGO',  '', ''),
('140403', '1404', 'CERRO AZUL',  '', ''),
('140404', '1404', 'COAYLLO',  '', ''),
('140405', '1404', 'CHILCA',  '', ''),
('140406', '1404', 'IMPERIAL',  '', ''),
('140407', '1404', 'LUNAHUANA',  '', ''),
('140408', '1404', 'MALA',  '', ''),
('140409', '1404', 'NUEVO IMPERIAL',  '', ''),
('140410', '1404', 'PACARAN',  '', ''),
('140411', '1404', 'QUILMANA',  '', ''),
('140412', '1404', 'SAN ANTONIO',  '', ''),
('140413', '1404', 'SAN LUIS',  '', ''),
('140414', '1404', 'SANTA CRUZ DE FLORES',  '', ''),
('140415', '1404', 'ZUÑIGA',  '', ''),
('140416', '1404', 'ASIA',  '', ''),
('140501', '1405', 'HUACHO',  '', ''),
('140502', '1405', 'AMBAR',  '', ''),
('140504', '1405', 'CALETA DE CARQUIN',  '', ''),
('140505', '1405', 'CHECRAS',  '', ''),
('140506', '1405', 'HUALMAY',  '', ''),
('140507', '1405', 'HUAURA',  '', ''),
('140508', '1405', 'LEONCIO PRADO',  '', ''),
('140509', '1405', 'PACCHO',  '', ''),
('140511', '1405', 'SANTA LEONOR',  '', ''),
('140512', '1405', 'SANTA MARIA',  '', ''),
('140513', '1405', 'SAYAN',  '', ''),
('140516', '1405', 'VEGUETA',  '', ''),
('140601', '1406', 'MATUCANA',  '', ''),
('140602', '1406', 'ANTIOQUIA',  '', ''),
('140603', '1406', 'CALLAHUANCA',  '', ''),
('140604', '1406', 'CARAMPOMA',  '', ''),
('140605', '1406', 'CASTA',  '', ''),
('140606', '1406', 'CUENCA',  '', ''),
('140607', '1406', 'CHICLA',  '', ''),
('140608', '1406', 'HUANZA',  '', ''),
('140609', '1406', 'HUAROCHIRI',  '', ''),
('140610', '1406', 'LAHUAYTAMBO',  '', ''),
('140611', '1406', 'LANGA',  '', ''),
('140612', '1406', 'MARIATANA',  '', ''),
('140613', '1406', 'RICARDO PALMA',  '', ''),
('140614', '1406', 'SAN ANDRES DE TUPICOCHA',  '', ''),
('140615', '1406', 'SAN ANTONIO',  '', ''),
('140616', '1406', 'SAN BARTOLOME',  '', ''),
('140617', '1406', 'SAN DAMIAN',  '', ''),
('140618', '1406', 'SANGALLAYA',  '', ''),
('140619', '1406', 'SAN JUAN DE TANTARANCHE',  '', ''),
('140620', '1406', 'SAN LORENZO DE QUINTI',  '', ''),
('140621', '1406', 'SAN MATEO',  '', ''),
('140622', '1406', 'SAN MATEO DE OTAO',  '', ''),
('140623', '1406', 'SAN PEDRO DE HUANCAYRE',  '', ''),
('140624', '1406', 'SANTA CRUZ DE COCACHACRA',  '', ''),
('140625', '1406', 'SANTA EULALIA',  '', ''),
('140626', '1406', 'SANTIAGO DE ANCHUCAYA',  '', ''),
('140627', '1406', 'SANTIAGO DE TUNA',  '', ''),
('140628', '1406', 'SANTO DOMINGO DE LOS OLLEROS',  '', ''),
('140629', '1406', 'SURCO',  '', ''),
('140630', '1406', 'HUACHUPAMPA',  '', ''),
('140631', '1406', 'LARAOS',  '', ''),
('140632', '1406', 'SAN JUAN DE IRIS',  '', ''),
('140701', '1407', 'YAUYOS',  '', ''),
('140702', '1407', 'ALIS',  '', ''),
('140703', '1407', 'AYAUCA',  '', ''),
('140704', '1407', 'AYAVIRI',  '', ''),
('140705', '1407', 'AZANGARO',  '', ''),
('140706', '1407', 'CACRA',  '', ''),
('140707', '1407', 'CARANIA',  '', ''),
('140708', '1407', 'COCHAS',  '', ''),
('140709', '1407', 'COLONIA',  '', ''),
('140710', '1407', 'CHOCOS',  '', ''),
('140711', '1407', 'HUAMPARA',  '', ''),
('140712', '1407', 'HUANCAYA',  '', ''),
('140713', '1407', 'HUANGASCAR',  '', ''),
('140714', '1407', 'HUANTAN',  '', ''),
('140715', '1407', 'HUAÑEC',  '', ''),
('140716', '1407', 'LARAOS',  '', ''),
('140717', '1407', 'LINCHA',  '', ''),
('140718', '1407', 'MIRAFLORES',  '', ''),
('140719', '1407', 'OMAS',  '', ''),
('140720', '1407', 'QUINCHES',  '', ''),
('140721', '1407', 'QUINOCAY',  '', ''),
('140722', '1407', 'SAN JOAQUIN',  '', ''),
('140723', '1407', 'SAN PEDRO DE PILAS',  '', ''),
('140724', '1407', 'TANTA',  '', ''),
('140725', '1407', 'TAURIPAMPA',  '', ''),
('140726', '1407', 'TUPE',  '', ''),
('140727', '1407', 'TOMAS',  '', ''),
('140728', '1407', 'VIÑAC',  '', ''),
('140729', '1407', 'VITIS',  '', ''),
('140730', '1407', 'HONGOS',  '', ''),
('140731', '1407', 'MADEAN',  '', ''),
('140732', '1407', 'PUTINZA',  '', ''),
('140733', '1407', 'CATAHUASI',  '', ''),
('140801', '1408', 'HUARAL',  '', ''),
('140802', '1408', 'ATAVILLOS ALTO',  '', ''),
('140803', '1408', 'ATAVILLOS BAJO',  '', ''),
('140804', '1408', 'AUCALLAMA',  '', ''),
('140805', '1408', 'CHANCAY',  '', ''),
('140806', '1408', 'IHUARI',  '', ''),
('140807', '1408', 'LAMPIAN',  '', ''),
('140808', '1408', 'PACARAOS',  '', ''),
('140809', '1408', 'SAN MIGUEL DE ACOS',  '', ''),
('140810', '1408', 'VEINTISIETE DE NOVIEMBRE',  '', ''),
('140811', '1408', 'STA CRUZ DE ANDAMARCA',  '', ''),
('140812', '1408', 'SUMBILCA',  '', ''),
('140901', '1409', 'BARRANCA',  '', ''),
('140902', '1409', 'PARAMONGA',  '', ''),
('140903', '1409', 'PATIVILCA',  '', ''),
('140904', '1409', 'SUPE',  '', ''),
('140905', '1409', 'SUPE PUERTO',  '', ''),
('141001', '1410', 'OYON',  '', ''),
('141002', '1410', 'NAVAN',  '', ''),
('141003', '1410', 'CAUJUL',  '', ''),
('141004', '1410', 'ANDAJES',  '', ''),
('141005', '1410', 'PACHANGARA',  '', ''),
('141006', '1410', 'COCHAMARCA',  '', ''),
('150101', '1501', 'IQUITOS',  '-3.74931061165643', '-73.2444387674332'),
('150102', '1501', 'ALTO NANAY',  '', ''),
('150103', '1501', 'FERNANDO LORES',  '', ''),
('150104', '1501', 'LAS AMAZONAS',  '', ''),
('150105', '1501', 'MAZAN',  '', ''),
('150106', '1501', 'NAPO',  '', ''),
('150107', '1501', 'PUTUMAYO',  '', ''),
('150108', '1501', 'TORRES CAUSANA',  '', ''),
('150110', '1501', 'INDIANA',  '', ''),
('150111', '1501', 'PUNCHANA',  '', ''),
('150112', '1501', 'BELEN',  '', ''),
('150113', '1501', 'SAN JUAN BAUTISTA',  '', ''),
('150114', '1501', 'TNTE MANUEL CLAVERO',  '', ''),
('150201', '1502', 'YURIMAGUAS',  '', ''),
('150202', '1502', 'BALSAPUERTO',  '', ''),
('150205', '1502', 'JEBEROS',  '', ''),
('150206', '1502', 'LAGUNAS',  '', ''),
('150210', '1502', 'SANTA CRUZ',  '', ''),
('150211', '1502', 'TNTE CESAR LOPEZ ROJAS',  '', ''),
('150301', '1503', 'NAUTA',  '', ''),
('150302', '1503', 'PARINARI',  '', ''),
('150303', '1503', 'TIGRE',  '', ''),
('150304', '1503', 'URARINAS',  '', ''),
('150305', '1503', 'TROMPETEROS',  '', ''),
('150401', '1504', 'REQUENA',  '', ''),
('150402', '1504', 'ALTO TAPICHE',  '', ''),
('150403', '1504', 'CAPELO',  '', ''),
('150404', '1504', 'EMILIO SAN MARTIN',  '', ''),
('150405', '1504', 'MAQUIA',  '', ''),
('150406', '1504', 'PUINAHUA',  '', ''),
('150407', '1504', 'SAQUENA',  '', ''),
('150408', '1504', 'SOPLIN',  '', ''),
('150409', '1504', 'TAPICHE',  '', ''),
('150410', '1504', 'JENARO HERRERA',  '', ''),
('150411', '1504', 'YAQUERANA',  '', ''),
('150501', '1505', 'CONTAMANA',  '', ''),
('150502', '1505', 'VARGAS GUERRA',  '', ''),
('150503', '1505', 'PADRE MARQUEZ',  '', ''),
('150504', '1505', 'PAMPA HERMOZA',  '', ''),
('150505', '1505', 'SARAYACU',  '', ''),
('150506', '1505', 'INAHUAYA',  '', ''),
('150601', '1506', 'MARISCAL RAMON CASTILLA',  '', ''),
('150602', '1506', 'PEBAS',  '', ''),
('150603', '1506', 'YAVARI',  '', ''),
('150604', '1506', 'SAN PABLO',  '', ''),
('150701', '1507', 'BARRANCA',  '', ''),
('150702', '1507', 'ANDOAS',  '', ''),
('150703', '1507', 'CAHUAPANAS',  '', ''),
('150704', '1507', 'MANSERICHE',  '', ''),
('150705', '1507', 'MORONA',  '', ''),
('150706', '1507', 'PASTAZA',  '', ''),
('160101', '1601', 'TAMBOPATA',  '-12.594292377749', '-69.1765415668488'),
('160102', '1601', 'INAMBARI',  '', ''),
('160103', '1601', 'LAS PIEDRAS',  '', ''),
('160104', '1601', 'LABERINTO',  '', ''),
('160201', '1602', 'MANU',  '', ''),
('160202', '1602', 'FITZCARRALD',  '', ''),
('160203', '1602', 'MADRE DE DIOS',  '', ''),
('160204', '1602', 'HUEPETUHE',  '', ''),
('160301', '1603', 'IÑAPARI',  '', ''),
('160302', '1603', 'IBERIA',  '', ''),
('160303', '1603', 'TAHUAMANU',  '', ''),
('170101', '1701', 'MOQUEGUA',  '-17.193789768109', '-70.934584736824'),
('170102', '1701', 'CARUMAS',  '', ''),
('170103', '1701', 'CUCHUMBAYA',  '', ''),
('170104', '1701', 'SAN CRISTOBAL',  '', ''),
('170105', '1701', 'TORATA',  '', ''),
('170106', '1701', 'SAMEGUA',  '', ''),
('170201', '1702', 'OMATE',  '', ''),
('170202', '1702', 'COALAQUE',  '', ''),
('170203', '1702', 'CHOJATA',  '', ''),
('170204', '1702', 'ICHUÑA',  '', ''),
('170205', '1702', 'LA CAPILLA',  '', ''),
('170206', '1702', 'LLOQUE',  '', ''),
('170207', '1702', 'MATALAQUE',  '', ''),
('170208', '1702', 'PUQUINA',  '', ''),
('170209', '1702', 'QUINISTAQUILLAS',  '', ''),
('170210', '1702', 'UBINAS',  '', ''),
('170211', '1702', 'YUNGA',  '', ''),
('170301', '1703', 'ILO',  '', ''),
('170302', '1703', 'EL ALGARROBAL',  '', ''),
('170303', '1703', 'PACOCHA',  '', ''),
('180101', '1801', 'CHAUPIMARCA',  '-10.6835843538593', '-76.2561866641045'),
('180103', '1801', 'HUACHON',  '', ''),
('180104', '1801', 'HUARIACA',  '', ''),
('180105', '1801', 'HUAYLLAY',  '', ''),
('180106', '1801', 'NINACACA',  '', ''),
('180107', '1801', 'PALLANCHACRA',  '', ''),
('180108', '1801', 'PAUCARTAMBO',  '', ''),
('180109', '1801', 'SAN FCO DE ASIS DE YARUSYACAN',  '', ''),
('180110', '1801', 'SIMON BOLIVAR',  '', ''),
('180111', '1801', 'TICLACAYAN',  '', ''),
('180112', '1801', 'TINYAHUARCO',  '', ''),
('180113', '1801', 'VICCO',  '', ''),
('180114', '1801', 'YANACANCHA',  '', ''),
('180201', '1802', 'YANAHUANCA',  '', ''),
('180202', '1802', 'CHACAYAN',  '', ''),
('180203', '1802', 'GOYLLARISQUIZGA',  '', ''),
('180204', '1802', 'PAUCAR',  '', ''),
('180205', '1802', 'SAN PEDRO DE PILLAO',  '', ''),
('180206', '1802', 'SANTA ANA DE TUSI',  '', ''),
('180207', '1802', 'TAPUC',  '', ''),
('180208', '1802', 'VILCABAMBA',  '', ''),
('180301', '1803', 'OXAPAMPA',  '', ''),
('180302', '1803', 'CHONTABAMBA',  '', ''),
('180303', '1803', 'HUANCABAMBA',  '', ''),
('180304', '1803', 'PUERTO BERMUDEZ',  '', ''),
('180305', '1803', 'VILLA RICA',  '', ''),
('180306', '1803', 'POZUZO',  '', ''),
('180307', '1803', 'PALCAZU',  '', ''),
('190101', '1901', 'PIURA',  '-5.19709783355458', '-80.6266450881958'),
('190103', '1901', 'CASTILLA',  '', ''),
('190104', '1901', 'CATACAOS',  '', ''),
('190105', '1901', 'LA ARENA',  '', ''),
('190106', '1901', 'LA UNION',  '', ''),
('190107', '1901', 'LAS LOMAS',  '', ''),
('190109', '1901', 'TAMBO GRANDE',  '', ''),
('190113', '1901', 'CURA MORI',  '', ''),
('190114', '1901', 'EL TALLAN',  '', ''),
('190201', '1902', 'AYABACA',  '', ''),
('190202', '1902', 'FRIAS',  '', ''),
('190203', '1902', 'LAGUNAS',  '', ''),
('190204', '1902', 'MONTERO',  '', ''),
('190205', '1902', 'PACAIPAMPA',  '', ''),
('190206', '1902', 'SAPILLICA',  '', ''),
('190207', '1902', 'SICCHEZ',  '', ''),
('190208', '1902', 'SUYO',  '', ''),
('190209', '1902', 'JILILI',  '', ''),
('190210', '1902', 'PAIMAS',  '', ''),
('190301', '1903', 'HUANCABAMBA',  '', ''),
('190302', '1903', 'CANCHAQUE',  '', ''),
('190303', '1903', 'HUARMACA',  '', ''),
('190304', '1903', 'SONDOR',  '', ''),
('190305', '1903', 'SONDORILLO',  '', ''),
('190306', '1903', 'EL CARMEN DE LA FRONTERA',  '', ''),
('190307', '1903', 'SAN MIGUEL DE EL FAIQUE',  '', ''),
('190308', '1903', 'LALAQUIZ',  '', ''),
('190401', '1904', 'CHULUCANAS',  '', ''),
('190402', '1904', 'BUENOS AIRES',  '', ''),
('190403', '1904', 'CHALACO',  '', ''),
('190404', '1904', 'MORROPON',  '', ''),
('190405', '1904', 'SALITRAL',  '', ''),
('190406', '1904', 'SANTA CATALINA DE MOSSA',  '', ''),
('190407', '1904', 'SANTO DOMINGO',  '', ''),
('190408', '1904', 'LA MATANZA',  '', ''),
('190409', '1904', 'YAMANGO',  '', ''),
('190410', '1904', 'SAN JUAN DE BIGOTE',  '', ''),
('190501', '1905', 'PAITA',  '', ''),
('190502', '1905', 'AMOTAPE',  '', ''),
('190503', '1905', 'ARENAL',  '', ''),
('190504', '1905', 'LA HUACA',  '', ''),
('190505', '1905', 'PUEBLO NUEVO DE COLAN',  '', ''),
('190506', '1905', 'TAMARINDO',  '', ''),
('190507', '1905', 'VICHAYAL',  '', ''),
('190601', '1906', 'SULLANA',  '', ''),
('190602', '1906', 'BELLAVISTA',  '', ''),
('190603', '1906', 'LANCONES',  '', ''),
('190604', '1906', 'MARCAVELICA',  '', ''),
('190605', '1906', 'MIGUEL CHECA',  '', ''),
('190606', '1906', 'QUERECOTILLO',  '', ''),
('190607', '1906', 'SALITRAL',  '', ''),
('190608', '1906', 'IGNACIO ESCUDERO',  '', ''),
('190701', '1907', 'PARIÑAS',  '', ''),
('190702', '1907', 'EL ALTO',  '', ''),
('190703', '1907', 'LA BREA',  '', ''),
('190704', '1907', 'LOBITOS',  '', ''),
('190705', '1907', 'MANCORA',  '', ''),
('190706', '1907', 'LOS ORGANOS',  '', ''),
('190801', '1908', 'SECHURA',  '', ''),
('190802', '1908', 'VICE',  '', ''),
('190803', '1908', 'BERNAL',  '', ''),
('190804', '1908', 'BELLAVISTA DE LA UNION',  '', ''),
('190805', '1908', 'CRISTO NOS VALGA',  '', ''),
('190806', '1908', 'RINCONADA LLICUAR',  '', ''),
('200101', '2001', 'PUNO',  '-15.8405454711973', '-70.027931034565'),
('200102', '2001', 'ACORA',  '', ''),
('200103', '2001', 'ATUNCOLLA',  '', ''),
('200104', '2001', 'CAPACHICA',  '', ''),
('200105', '2001', 'COATA',  '', ''),
('200106', '2001', 'CHUCUITO',  '', ''),
('200107', '2001', 'HUATA',  '', ''),
('200108', '2001', 'MAÑAZO',  '', ''),
('200109', '2001', 'PAUCARCOLLA',  '', ''),
('200110', '2001', 'PICHACANI',  '', ''),
('200111', '2001', 'SAN ANTONIO',  '', ''),
('200112', '2001', 'TIQUILLACA',  '', ''),
('200113', '2001', 'VILQUE',  '', ''),
('200114', '2001', 'PLATERIA',  '', ''),
('200115', '2001', 'AMANTANI',  '', ''),
('200201', '2002', 'AZANGARO',  '', ''),
('200202', '2002', 'ACHAYA',  '', ''),
('200203', '2002', 'ARAPA',  '', ''),
('200204', '2002', 'ASILLO',  '', ''),
('200205', '2002', 'CAMINACA',  '', ''),
('200206', '2002', 'CHUPA',  '', ''),
('200207', '2002', 'JOSE DOMINGO CHOQUEHUANCA',  '', ''),
('200208', '2002', 'MUÑANI',  '', ''),
('200210', '2002', 'POTONI',  '', ''),
('200212', '2002', 'SAMAN',  '', ''),
('200213', '2002', 'SAN ANTON',  '', ''),
('200214', '2002', 'SAN JOSE',  '', ''),
('200215', '2002', 'SAN JUAN DE SALINAS',  '', ''),
('200216', '2002', 'STGO DE PUPUJA',  '', ''),
('200217', '2002', 'TIRAPATA',  '', ''),
('200301', '2003', 'MACUSANI',  '', ''),
('200302', '2003', 'AJOYANI',  '', ''),
('200303', '2003', 'AYAPATA',  '', ''),
('200304', '2003', 'COASA',  '', ''),
('200305', '2003', 'CORANI',  '', ''),
('200306', '2003', 'CRUCERO',  '', ''),
('200307', '2003', 'ITUATA',  '', ''),
('200308', '2003', 'OLLACHEA',  '', ''),
('200309', '2003', 'SAN GABAN',  '', ''),
('200310', '2003', 'USICAYOS',  '', ''),
('200401', '2004', 'JULI',  '', ''),
('200402', '2004', 'DESAGUADERO',  '', ''),
('200403', '2004', 'HUACULLANI',  '', ''),
('200406', '2004', 'PISACOMA',  '', ''),
('200407', '2004', 'POMATA',  '', ''),
('200410', '2004', 'ZEPITA',  '', ''),
('200412', '2004', 'KELLUYO',  '', ''),
('200501', '2005', 'HUANCANE',  '', ''),
('200502', '2005', 'COJATA',  '', ''),
('200504', '2005', 'INCHUPALLA',  '', ''),
('200506', '2005', 'PUSI',  '', ''),
('200507', '2005', 'ROSASPATA',  '', ''),
('200508', '2005', 'TARACO',  '', ''),
('200509', '2005', 'VILQUE CHICO',  '', ''),
('200511', '2005', 'HUATASANI',  '', ''),
('200601', '2006', 'LAMPA',  '', ''),
('200602', '2006', 'CABANILLA',  '', ''),
('200603', '2006', 'CALAPUJA',  '', ''),
('200604', '2006', 'NICASIO',  '', ''),
('200605', '2006', 'OCUVIRI',  '', ''),
('200606', '2006', 'PALCA',  '', ''),
('200607', '2006', 'PARATIA',  '', ''),
('200608', '2006', 'PUCARA',  '', ''),
('200609', '2006', 'SANTA LUCIA',  '', ''),
('200610', '2006', 'VILAVILA',  '', ''),
('200701', '2007', 'AYAVIRI',  '', ''),
('200702', '2007', 'ANTAUTA',  '', ''),
('200703', '2007', 'CUPI',  '', ''),
('200704', '2007', 'LLALLI',  '', ''),
('200705', '2007', 'MACARI',  '', ''),
('200706', '2007', 'NUÑOA',  '', ''),
('200707', '2007', 'ORURILLO',  '', ''),
('200708', '2007', 'SANTA ROSA',  '', ''),
('200709', '2007', 'UMACHIRI',  '', ''),
('200801', '2008', 'SANDIA',  '', ''),
('200803', '2008', 'CUYOCUYO',  '', ''),
('200804', '2008', 'LIMBANI',  '', ''),
('200805', '2008', 'PHARA',  '', ''),
('200806', '2008', 'PATAMBUCO',  '', ''),
('200807', '2008', 'QUIACA',  '', ''),
('200808', '2008', 'SAN JUAN DEL ORO',  '', ''),
('200810', '2008', 'YANAHUAYA',  '', ''),
('200811', '2008', 'ALTO INAMBARI',  '', ''),
('200812', '2008', 'SAN PEDRO DE PUTINA PUNCO',  '', ''),
('200901', '2009', 'JULIACA',  '', ''),
('200902', '2009', 'CABANA',  '', ''),
('200903', '2009', 'CABANILLAS',  '', ''),
('200904', '2009', 'CARACOTO',  '', ''),
('201001', '2010', 'YUNGUYO',  '', ''),
('201002', '2010', 'UNICACHI',  '', ''),
('201003', '2010', 'ANAPIA',  '', ''),
('201004', '2010', 'COPANI',  '', ''),
('201005', '2010', 'CUTURAPI',  '', ''),
('201006', '2010', 'OLLARAYA',  '', ''),
('201007', '2010', 'TINICACHI',  '', ''),
('201101', '2011', 'PUTINA',  '', ''),
('201102', '2011', 'PEDRO VILCA APAZA',  '', ''),
('201103', '2011', 'QUILCA PUNCU',  '', ''),
('201104', '2011', 'ANANEA',  '', ''),
('201105', '2011', 'SINA',  '', ''),
('201201', '2012', 'ILAVE',  '', ''),
('201202', '2012', 'PILCUYO',  '', ''),
('201203', '2012', 'SANTA ROSA',  '', ''),
('201204', '2012', 'CAPASO',  '', ''),
('201205', '2012', 'CONDURIRI',  '', ''),
('201301', '2013', 'MOHO',  '', ''),
('201302', '2013', 'CONIMA',  '', ''),
('201303', '2013', 'TILALI',  '', ''),
('201304', '2013', 'HUAYRAPATA',  '', ''),
('210101', '2101', 'MOYOBAMBA',  '-6.03458888509049', '-76.9747638702393'),
('210102', '2101', 'CALZADA',  '', ''),
('210103', '2101', 'HABANA',  '', ''),
('210104', '2101', 'JEPELACIO',  '', ''),
('210105', '2101', 'SORITOR',  '', ''),
('210106', '2101', 'YANTALO',  '', ''),
('210201', '2102', 'SAPOSOA',  '', ''),
('210202', '2102', 'PISCOYACU',  '', ''),
('210203', '2102', 'SACANCHE',  '', ''),
('210204', '2102', 'TINGO DE SAPOSOA',  '', ''),
('210205', '2102', 'ALTO SAPOSOA',  '', ''),
('210206', '2102', 'EL ESLABON',  '', ''),
('210301', '2103', 'LAMAS',  '', ''),
('210303', '2103', 'BARRANQUITA',  '', ''),
('210304', '2103', 'CAYNARACHI',  '', ''),
('210305', '2103', 'CUÑUMBUQUI',  '', ''),
('210306', '2103', 'PINTO RECODO',  '', ''),
('210307', '2103', 'RUMISAPA',  '', ''),
('210311', '2103', 'SHANAO',  '', ''),
('210313', '2103', 'TABALOSOS',  '', ''),
('210314', '2103', 'ZAPATERO',  '', ''),
('210315', '2103', 'ALONSO DE ALVARADO',  '', ''),
('210316', '2103', 'SAN ROQUE DE CUMBAZA',  '', ''),
('210401', '2104', 'JUANJUI',  '', ''),
('210402', '2104', 'CAMPANILLA',  '', ''),
('210403', '2104', 'HUICUNGO',  '', ''),
('210404', '2104', 'PACHIZA',  '', ''),
('210405', '2104', 'PAJARILLO',  '', ''),
('210501', '2105', 'RIOJA',  '', ''),
('210502', '2105', 'POSIC',  '', ''),
('210503', '2105', 'YORONGOS',  '', ''),
('210504', '2105', 'YURACYACU',  '', ''),
('210505', '2105', 'NUEVA CAJAMARCA',  '', ''),
('210506', '2105', 'ELIAS SOPLIN',  '', ''),
('210507', '2105', 'SAN FERNANDO',  '', ''),
('210508', '2105', 'PARDO MIGUEL',  '', ''),
('210509', '2105', 'AWAJUN',  '', ''),
('210601', '2106', 'TARAPOTO',  '', ''),
('210602', '2106', 'ALBERTO LEVEAU',  '', ''),
('210604', '2106', 'CACATACHI',  '', ''),
('210606', '2106', 'CHAZUTA',  '', ''),
('210607', '2106', 'CHIPURANA',  '', ''),
('210608', '2106', 'EL PORVENIR',  '', ''),
('210609', '2106', 'HUIMBAYOC',  '', ''),
('210610', '2106', 'JUAN GUERRA',  '', ''),
('210611', '2106', 'MORALES',  '', ''),
('210612', '2106', 'PAPAPLAYA',  '', ''),
('210616', '2106', 'SAN ANTONIO',  '', ''),
('210619', '2106', 'SAUCE',  '', ''),
('210620', '2106', 'SHAPAJA',  '', ''),
('210621', '2106', 'LA BANDA DE SHILCAYO',  '', ''),
('210701', '2107', 'BELLAVISTA',  '', ''),
('210702', '2107', 'SAN RAFAEL',  '', ''),
('210703', '2107', 'SAN PABLO',  '', ''),
('210704', '2107', 'ALTO BIAVO',  '', ''),
('210705', '2107', 'HUALLAGA',  '', ''),
('210706', '2107', 'BAJO BIAVO',  '', ''),
('210801', '2108', 'TOCACHE',  '', ''),
('210802', '2108', 'NUEVO PROGRESO',  '', ''),
('210803', '2108', 'POLVORA',  '', ''),
('210804', '2108', 'SHUNTE',  '', ''),
('210805', '2108', 'UCHIZA',  '', ''),
('210901', '2109', 'PICOTA',  '', ''),
('210902', '2109', 'BUENOS AIRES',  '', ''),
('210903', '2109', 'CASPIZAPA',  '', ''),
('210904', '2109', 'PILLUANA',  '', ''),
('210905', '2109', 'PUCACACA',  '', ''),
('210906', '2109', 'SAN CRISTOBAL',  '', ''),
('210907', '2109', 'SAN HILARION',  '', ''),
('210908', '2109', 'TINGO DE PONASA',  '', ''),
('210909', '2109', 'TRES UNIDOS',  '', ''),
('210910', '2109', 'SHAMBOYACU',  '', ''),
('211001', '2110', 'SAN JOSE DE SISA',  '', ''),
('211002', '2110', 'AGUA BLANCA',  '', ''),
('211003', '2110', 'SHATOJA',  '', ''),
('211004', '2110', 'SAN MARTIN',  '', ''),
('211005', '2110', 'SANTA ROSA',  '', ''),
('220101', '2201', 'TACNA',  '-18.0142835921097', '-70.251624584198'),
('220102', '2201', 'CALANA',  '', ''),
('220104', '2201', 'INCLAN',  '', ''),
('220107', '2201', 'PACHIA',  '', ''),
('220108', '2201', 'PALCA',  '', ''),
('220109', '2201', 'POCOLLAY',  '', ''),
('220110', '2201', 'SAMA',  '', ''),
('220111', '2201', 'ALTO DE LA ALIANZA',  '', ''),
('220112', '2201', 'CIUDAD NUEVA',  '', ''),
('220113', '2201', 'CORONEL GREGORIO ALBARRACIN L.ALFONSO UGARTE',  '', ''),
('220201', '2202', 'TARATA',  '', ''),
('220205', '2202', 'CHUCATAMANI',  '', ''),
('220206', '2202', 'ESTIQUE',  '', ''),
('220207', '2202', 'ESTIQUE PAMPA',  '', ''),
('220210', '2202', 'SITAJARA',  '', ''),
('220211', '2202', 'SUSAPAYA',  '', ''),
('220212', '2202', 'TARUCACHI',  '', ''),
('220213', '2202', 'TICACO',  '', ''),
('220301', '2203', 'LOCUMBA',  '', ''),
('220302', '2203', 'ITE',  '', ''),
('220303', '2203', 'ILABAYA',  '', ''),
('220401', '2204', 'CANDARAVE',  '', ''),
('220402', '2204', 'CAIRANI',  '', ''),
('220403', '2204', 'CURIBAYA',  '', ''),
('220404', '2204', 'HUANUARA',  '', ''),
('220405', '2204', 'QUILAHUANI',  '', ''),
('220406', '2204', 'CAMILACA',  '', ''),
('230101', '2301', 'TUMBES',  '-3.57082042387755', '-80.4595997929573'),
('230102', '2301', 'CORRALES',  '', ''),
('230103', '2301', 'LA CRUZ',  '', ''),
('230104', '2301', 'PAMPAS DE HOSPITAL',  '', ''),
('230105', '2301', 'SAN JACINTO',  '', ''),
('230106', '2301', 'SAN JUAN DE LA VIRGEN',  '', ''),
('230201', '2302', 'ZORRITOS',  '', ''),
('230202', '2302', 'CASITAS',  '', ''),
('230203', '2302', 'CANOAS DE PUNTA SAL',  '', ''),
('230301', '2303', 'ZARUMILLA',  '', ''),
('230302', '2303', 'MATAPALO',  '', ''),
('230303', '2303', 'PAPAYAL',  '', ''),
('230304', '2303', 'AGUAS VERDES',  '', ''),
('240101', '2401', 'CALLAO',  '-12.0515654365992', '-77.1341192722321'),
('240102', '2401', 'BELLAVISTA',  '', ''),
('240103', '2401', 'LA PUNTA',  '', ''),
('240104', '2401', 'CARMEN DE LA LEGUA-REYNOSO',  '', ''),
('240105', '2401', 'LA PERLA',  '', ''),
('240106', '2401', 'VENTANILLA',  '', ''),
('250101', '2501', 'CALLERIA',  '-8.38315958321459', '-74.532333612442'),
('250102', '2501', 'YARINACOCHA',  '', ''),
('250103', '2501', 'MASISEA',  '', ''),
('250104', '2501', 'CAMPOVERDE',  '', ''),
('250105', '2501', 'IPARIA',  '', ''),
('250106', '2501', 'NUEVA REQUENA',  '', ''),
('250107', '2501', 'MANANTAY',  '', ''),
('250201', '2502', 'PADRE ABAD',  '', ''),
('250202', '2502', 'YRAZOLA',  '', ''),
('250203', '2502', 'CURIMANA',  '', ''),
('250301', '2503', 'RAIMONDI',  '', ''),
('250302', '2503', 'TAHUANIA',  '', ''),
('250303', '2503', 'YURUA',  '', ''),
('250304', '2503', 'SEPAHUA',  '', ''),
('250401', '2504', 'PURUS',  '', ''),

('A10101', 'A101', 'BUENOS AIRES',  '', ''),
('A90101', 'A901', 'OTROS',  '', ''),
('B10101', 'B101', 'BRASILIA',  '', ''),
('B90101', 'B901', 'OTROS',  '', ''),
('C10101', 'C101', 'SUCRE',  '', ''),
('C90101', 'C901', 'OTROS',  '', ''),
('D10101', 'D101', 'SANTIAGO',  '', ''),
('D90101', 'D901', 'OTROS',  '', ''),
('E10101', 'E101', 'BOGOTÁ',  '', ''),
('E90101', 'E901', 'OTROS',  '', ''),
('F10101', 'F101', 'QUITO',  '', ''),
('F90101', 'F901', 'OTROS',  '', ''),
('G10101', 'G101', 'ASUNCIÓN',  '', ''),
('G90101', 'G901', 'OTROS',  '', ''),
('H10101', 'H101', 'MONTEVIDEO',  '', ''),
('H90101', 'H901', 'OTROS',  '', ''),
('I10101', 'I101', 'CARACAS',  '', ''),
('I90101', 'I901', 'OTROS',  '', ''),

('990101', '9901', '<SIN INDICAR>',  '', '');



----------------------------------------------------------------------------------------------------------------------------------------
--tipo------------------------------------------------------------------------------------------------------------------------------
----------------------------------------------------------------------------------------------------------------------------------------
DROP TABLE IF EXISTS tipo;
CREATE TABLE tipo (
	id_tipo			int		 		NOT NULL PRIMARY KEY,
	nom_tipo 		varchar(100) 	NOT NULL,
	nom_corto 		varchar(25) 	NOT NULL,
	cod_oficial1 	varchar(10) 	NOT NULL,
	cod_oficial2 	varchar(10) 	NOT NULL,
	cod_oficial3 	varchar(10) 	NOT NULL,
	valor1			varchar(10) 	NOT NULL,
	valor2			varchar(10) 	NOT NULL,
	clave			varchar(20) 	NOT NULL,
	grupo 			varchar(20) 	NOT NULL,
	orden 			int 			NOT NULL,
	activo			boolean			NOT NULL,
	id_sistema		char(3)			NOT NULL,
	descripcion 	varchar(75)		NOT NULL
);
--
COMMENT ON TABLE tipo IS 'Tabla tipos.'; 
COMMENT ON COLUMN tipo.id_tipo IS 'Identificador de tipo.';
COMMENT ON COLUMN tipo.nom_tipo IS 'Nombre del tipo.';
COMMENT ON COLUMN tipo.nom_corto IS 'Nombre corto del tipo.';
COMMENT ON COLUMN tipo.cod_oficial1 IS 'Código oficial. Ejm: SUNAT.';
COMMENT ON COLUMN tipo.cod_oficial2 IS 'Código oficial.';
COMMENT ON COLUMN tipo.cod_oficial3 IS 'Código oficial.';
COMMENT ON COLUMN tipo.valor1 IS 'Algún valor necesario. Ejm: DNI=8.';
COMMENT ON COLUMN tipo.valor2 IS 'Algún valor necesario.';
COMMENT ON COLUMN tipo.clave IS 'Clave para el diccionario de datos.';
COMMENT ON COLUMN tipo.grupo IS 'Nombre para agrupar tipo.';
COMMENT ON COLUMN tipo.orden IS 'Orden en que se muestran.';
COMMENT ON COLUMN tipo.activo IS 'Si el tipo está activo.';
COMMENT ON COLUMN tipo.id_sistema IS 'Identificador del sistema.';
COMMENT ON COLUMN tipo.descripcion IS 'Descripción del tipo.';
--
INSERT INTO tipo (id_tipo, nom_tipo, nom_corto, cod_oficial1, cod_oficial2, cod_oficial3, valor1, valor2, clave, grupo, orden, activo, id_sistema, descripcion) 
VALUES 
(95000 , 'NEGOCIOS EN GENERAL'									,	'NEGOCIO'				, ''	,	''	,	''	,	''		,	''	,	'GENERAL'	    ,	'TI_EMPRESA'			, 	1, true	, 'ADM' , ''),	
(95001 , 'COLEGIOS PARTICULARES'								,	'COLEGIO'				, ''	,	''	,	''	,	''		,	''	,	'COLEGIO'	    ,	'TI_EMPRESA'			, 	2, true , 'ADM' , ''),
(95002 , 'ACADEMIAS PREUNIVERSITARIAS'							,	'ACADEMIA'				, ''	,	''	,	''	,	''		,	''	,	'ACADEMIA'	    ,	'TI_EMPRESA'			, 	3, true , 'ADM' , ''),
(95003 , 'CLÍNICAS MÉDICAS QUIRÚRGICAS'							,	'CLÍNICA'				, ''	,	''	,	''	,	''		,	''	,	'CLINICA'	    ,	'TI_EMPRESA'			, 	4, true , 'ADM' , ''),
(95004 , 'BANCOS - CAJAS DE AHORRO Y CRÉDITO'					,	'BANCA'					, ''	,	''	,	''	,	''		,	''	,	'BANCA'	    	,	'TI_EMPRESA'			, 	5, true , 'ADM' , ''),
(95005 , 'COLEGIO Y ACADEMIA'									,	'COLE_ACAD'				, ''	,	''	,	''	,	''		,	''	,	'COL_ACA'    	,	'TI_EMPRESA'			, 	6, true , 'ADM' , ''),
	
(95010, 'PERSONA NATURAL'										,	'PERSONA'				, ''	,	''	,	''	,	''		,	''	,	'NATURAL'	    ,	'TI_PERSONA'			, 	1, true , 'ADM' , ''),
(95011, 'PERSONA JURÍDICA (EMPRESA)'							,	'EMPRESA'				, ''	,	''	,	''	,	''		,	''	,	'JURIDICA'	    ,	'TI_PERSONA'			, 	2, true , 'ADM' , ''),
(95012, 'GRUPO INFORMAL'										,	'GRUPO'					, ''	,	''	,	''	,	''		,	''	,	'GRUPO'	    	,	'TI_PERSONA'			, 	3, true , 'ADM' , ''),
(95013, 'NATURAL/JURÍDICA'										,	'NAT/JUR'				, ''	,	''	,	''	,	''		,	''	,	'NAT/JUR'    	,	'TI_PERSONA'			, 	4, true , 'ADM' , ''),
(95014, 'NATURAL/JURÍDICA/GRUPO'								,	'NAT/JUR/GRP'			, ''	,	''	,	''	,	''		,	''	,	'NAT/JUR/GRP'  	,	'TI_PERSONA'			, 	5, true , 'ADM' , ''),
(95019, '<VARIOS>'												,	'VARIOS'				, ''	,	''	,	''	,	''		,	''	,	'VARIOS'	    ,	'TI_PERSONA'			, 	6, true , 'ADM' , ''),
	
(95020, 'HOMBRE'												,	'H'						, ''	,	''	,	''	,	''		,	''	,	'HOMBRE'	    ,	'TI_SEXO'				, 	1, true , 'ADM' , ''),
(95021, 'MUJER'													,	'M'						, ''	,	''	,	''	,	''		,	''	,	'MUJER'	    	,	'TI_SEXO'				, 	2, true , 'ADM' , ''),
(95029, '<SIN INDICAR>'											,	'-'						, ''	,	''	,	''	,	''		,	''	,	'S/I'	    	,	'TI_SEXO'				, 	3, true , 'ADM' , ''),
	
(95030, 'DOCUMENTO NACIONAL DE IDENTIDAD'						,	'DNI'					, '01'	,	''	,	''	,	'8'		,	''	,	'DNI'	    	,	'TI_DOC_IDENT'			, 	1, true , 'ADM' , ''), 	--SUNAT-PLAME-Anexo2.xlsx  ->  T3- Tipo Documento  
(95031, 'CARNÉ DE EXTRANJERÍA'									,	'CARNÉ EXTRANJERÍA'		, '04'	,	''	,	''	,	''		,	''	,	'CEX'	    	,	'TI_DOC_IDENT'			, 	5, true , 'ADM' , ''),
(95032, 'REGISTRO ÚNICO DE CONTRIBUYENTES'						,	'RUC'					, '06'	,	''	,	''	,	'11'	,	''	,	'RUC'	    	,	'TI_DOC_IDENT'			, 	2, true , 'ADM' , ''),
(95033, 'PASAPORTE'												,	'PASAPORTE'				, '07'	,	''	,	''	,	''		,	''	,	'PSP'	    	,	'TI_DOC_IDENT'			, 	5, true , 'ADM' , ''),	
(95034, 'CARNÉ DE SOLICITUD DE REFUGIO'							,	'CARNÉ SOL. REFUGIO'	, '09'	,	''	,	''	,	''		,	''	,	'CSR'	    	,	'TI_DOC_IDENT'			, 	5, true , 'ADM' , ''),
(95035, 'PARTIDA DE NACIMIENTO'									,	'PARTIDA NACIMIENTO'	, '11'	,	''	,	''	,	''		,	''	,	'PNA'	    	,	'TI_DOC_IDENT'			,   5, true , 'ADM' , ''),
(95036, 'CARNÉ DE IDENTIDAD RELACIONES EXTERIORES'				,	'CARNÉ IDENT. REL. EXT'	, '22'	,	''	,	''	,	''		,	''	,	'CRE'	    	,	'TI_DOC_IDENT'			,   5, true , 'ADM' , ''),
(95037, 'PERMISO TEMPORAL DE PERMANENCIA'						,	'PTP'					, '23'	,	''	,	''	,	''		,	''	,	'PTP'	    	,	'TI_DOC_IDENT'			,   5, true , 'ADM' , ''),
(95038, 'DOCUMENTO DE IDENTIDAD EXTRANJERO'						,	'DOC. IDENT. EXTRANJERO', '24'	,	''	,	''	,	''		,	''	,	'DEX'	    	,	'TI_DOC_IDENT'			,   5, true , 'ADM' , ''),
(95039, 'CARNÉ DE PERMISO TEMPORAL DE PERMANENCIA'				,	'CPP'					, '26'	,	''	,	''	,	''		,	''	,	'CPP'	    	,	'TI_DOC_IDENT'			,   5, true , 'ADM' , ''),
(95040, 'CÉDULA DIPLOMÁTICA DE IDENTIDAD'						,	'CÉDULA DIPLOMÁTICA'	, 'A'	,	''	,	''	,	''		,	''	,	'CDI'	    	,	'TI_DOC_IDENT'			,   5, true , 'ADM' , ''),
(95041, 'SALVOCONDUCTO'											,	'SALVOCONDUCTO'			, 'G'	,	''	,	''	,	''		,	''	,	'SAL'	    	,	'TI_DOC_IDENT'			,   5, true , 'ADM' , ''),
(95042, 'NO DOMICILIADO, SIN RUC (EXPORTACIÓN)'					,	'NO DOMICILIADO'		, '0'	,	''	,	''	,	''		,	''	,	'NDO'	    	,	'TI_DOC_IDENT'			,   5, true , 'ADM' , ''),
(95049, 'SIN DOCUMENTO - VARIOS - OTROS'						,	'SIN DOC. IDENTIDAD'	, '-'	,	''	,	''	,	''		,	''	,	'S/I'	    	,	'TI_DOC_IDENT'			,  10, true , 'ADM' , 'VENTAS MENORES A 700.00'),
	
(95050, 'CABECERA DE OPCIONES'									,	''						, ''	,	''	,	''	,	''		,	''	,	'CAB'			,	'TI_OPCION_SIS'			,  	1, true , 'ADM' , ''),
(95051, 'OPCIÓN - PANEL DE USUARIO'								,	''						, ''	,	''	,	''	,	''		,	''	,	'PNL'			,	'TI_OPCION_SIS'			,  	2, true , 'ADM' , ''),
(95052, 'OPCIÓN - FORMULARIO EMERGENTE'							,	''						, ''	,	''	,	''	,	''		,	''	,	'FRM'			,	'TI_OPCION_SIS'			,  	3, true , 'ADM' , ''),
(95053, 'OPCIÓN - REPORTE'										,	''						, ''	,	''	,	''	,	''		,	''	,	'RPT'			,	'TI_OPCION_SIS'			,  	4, true , 'ADM' , ''),
	
(95060, 'AVENIDA'												,	'AV.'					, '01'	,	''	,	''	,	''		,	''	,	''	    		,	'TI_VIA'				,   0, true , 'ADM' , ''),	--SUNAT-PLAME-Anexo2.xlsx  ->  T5 Via
(95061, 'JIRÓN'													,	'JR.'					, '02'	,	''	,	''	,	''		,	''	,	''	    		,	'TI_VIA'				,   0, true , 'ADM' , ''),
(95062, 'CALLE'													,	'CA.'					, '03' 	,	''	,	''	,	''		,	''	,	''	    		,	'TI_VIA'				,   0, true , 'ADM' , ''),
(95063, 'PASAJE'												,	'PJ.'					, '04'	,	''	,	''	,	''		,	''	,	''	    		,	'TI_VIA'				,   0, true , 'ADM' , ''),
(95064, 'ALAMEDA'												,	'AL.'					, '05' 	,	''	,	''	,	''		,	''	,	''	    		,	'TI_VIA'				,   0, true , 'ADM' , ''),
(95065, 'MALECÓN'												,	'MA.'					, '06'	,	''	,	''	,	''		,	''	,	''	    		,	'TI_VIA'				,   0, true , 'ADM' , ''),
(95066, 'OVALO'													,	'OV.'					, '07'	,	''	,	''	,	''		,	''	,	''	    		,	'TI_VIA'				,   0, true , 'ADM' , ''),
(95067, 'PARQUE'												,	'PQ.'					, '08'	,	''	,	''	,	''		,	''	,	''	    		,	'TI_VIA'				,   0, true , 'ADM' , ''),
(95068, 'PLAZA'													,	'PLA.'					, '09'	,	''	,	''	,	''		,	''	,	''	    		,	'TI_VIA'				,   0, true , 'ADM' , ''),
(95069, 'CARRETERA'												,	'CAR.'					, '10'	,	''	,	''	,	''		,	''	,	''	    		,	'TI_VIA'				,   0, true , 'ADM' , ''),
(95070, 'TROCHA'												,	'TRO.'					, '13'	,	''	,	''	,	''		,	''	,	''	    		,	'TI_VIA'				,   0, true , 'ADM' , ''),
(95071, 'CAMINO RURAL'											,	'CRU.' 					, '14'	,	''	,	''	,	''		,	''	,	''	    		,	'TI_VIA'				,   0, true , 'ADM' , ''),
(95072, 'BAJADA'												,	'BAJ.' 					, '15'	,	''	,	''	,	''		,	''	,	''	    		,	'TI_VIA'				,   0, true , 'ADM' , ''),
(95073, 'GALERIA'												,	'GAL.' 					, '16'	,	''	,	''	,	''		,	''	,	''	    		,	'TI_VIA'				,   0, true , 'ADM' , ''),
(95074, 'PROLONGACIÓN'											,	'PRO.' 					, '17'	,	''	,	''	,	''		,	''	,	''	    		,	'TI_VIA'				,   0, true , 'ADM' , ''),
(95075, 'PASEO'													,	'PAS.' 					, '18'	,	''	,	''	,	''		,	''	,	''	    		,	'TI_VIA'				,   0, true , 'ADM' , ''),
(95076, 'PLAZUELA'												,	'PZU.' 					, '19'	,	''	,	''	,	''		,	''	,	''	    		,	'TI_VIA'				,   0, true , 'ADM' , ''),
(95077, 'PORTAL'												,	'POR.' 					, '20'	,	''	,	''	,	''		,	''	,	''	    		,	'TI_VIA'				,   0, true , 'ADM' , ''),
(95078, 'CAMINO AFIRMADO'										,	'CAF.' 					, '21'	,	''	,	''	,	''		,	''	,	''	    		,	'TI_VIA'				,   0, true , 'ADM' , ''),
(95079, 'TROCHA CARROZABLE'										,	'TRC.' 					, '22'	,	''	,	''	,	''		,	''	,	''	    		,	'TI_VIA'				,   0, true , 'ADM' , ''),
(95080, 'OTROS'													,	'OTROS'					, '99'	,	''	,	''	,	''		,	''	,	''	    		,	'TI_VIA'				,   1, true , 'ADM' , ''),
(95089, '<SIN INDICAR>'											,	''						, '99'	,	''	,	''	,	''		,	''	,	''	    		,	'TI_VIA'				,   2, true , 'ADM' , ''),
	
(95090, 'URBANIZACIÓN'											,	'URB.'					, '01'	,	''	,	''	,	''		,	''	,	''	    		,	'TI_ZONA'				,   0, true , 'ADM' , ''),	--SUNAT-PLAME-Anexo2.xlsx  ->  T6 Zona
(95091, 'PUEBLO JOVEN'											,	'P.J.'					, '02'	,	''	,	''	,	''		,	''	,	''	    		,	'TI_ZONA'				,   0, true , 'ADM' , ''),
(95092, 'UNIDAD VECINAL'										,	'U.V.'					, '03'	,	''	,	''	,	''		,	''	,	''	    		,	'TI_ZONA'				,   0, true , 'ADM' , ''),
(95093, 'CONJUNTO HABITACIONAL'									,	'C.H.'					, '04'	,	''	,	''	,	''		,	''	,	''	    		,	'TI_ZONA'				,   0, true , 'ADM' , ''),
(95094, 'ASENTAMIENTO HUMANO'									,	'A.H.'					, '05'	,	''	,	''	,	''		,	''	,	''	    		,	'TI_ZONA'				,   0, true , 'ADM' , ''),
(95095, 'COOPERATIVA'											,	'COO.'					, '06'	,	''	,	''	,	''		,	''	,	''	    		,	'TI_ZONA'				,   0, true , 'ADM' , ''),
(95096, 'RESIDENCIAL'											,	'RES.'					, '07'	,	''	,	''	,	''		,	''	,	''	    		,	'TI_ZONA'				,   0, true , 'ADM' , ''),
(95097, 'ZONA INDUSTRIAL'										,	'Z.I.'					, '08'	,	''	,	''	,	''		,	''	,	''	    		,	'TI_ZONA'				,   0, true , 'ADM' , ''),
(95098, 'GRUPO'													,	'GRU.'					, '09'	,	''	,	''	,	''		,	''	,	''	    		,	'TI_ZONA'				,   0, true , 'ADM' , ''),
(95099, 'CASERÍO'												,	'CAS.'					, '10'	,	''	,	''	,	''		,	''	,	''	    		,	'TI_ZONA'				,   0, true , 'ADM' , ''),
(95100, 'FUNDO'													,	'FND.'					, '11'	,	''	,	''	,	''		,	''	,	''	    		,	'TI_ZONA'				,   0, true , 'ADM' , ''),
(95101, 'OTROS'													,	'OTROS' 				, '99'	,	''	,	''	,	''		,	''	,	''	    		,	'TI_ZONA'				,   1, true , 'ADM' , ''),
(95109, '<SIN INDICAR>'											,	'' 						, '99'	,	''	,	''	,	''		,	''	,	''	    		,	'TI_ZONA'				,   2, true , 'ADM' , ''),
	
(95110, 'PAIS'													, 	''						, ''	,	''	,	''	,	''		,	''	,	''	    		,	'TI_SEDE'				, 	1, true , 'ADM' , ''),
(95111, 'ZONA'													, 	''						, ''	,	''	,	''	,	''		,	''	,	''	    		,	'TI_SEDE'				, 	2, true , 'ADM' , ''),
(95112, 'SEDE'													, 	''						, ''	,	''	,	''	,	''		,	''	,	''	    		,	'TI_SEDE'				, 	3, true , 'ADM' , ''),
(95113, 'AGENCIA'												, 	''						, ''	,	''	,	''	,	''		,	''	,	''	    		,	'TI_SEDE'				, 	4, true , 'ADM' , ''),
(95114, 'LOCAL'													, 	''						, ''	,	''	,	''	,	''		,	''	,	''	    		,	'TI_SEDE'				, 	5, true , 'ADM' , ''),
(95115, 'EOB'													, 	''						, ''	,	''	,	''	,	''		,	''	,	''	    		,	'TI_SEDE'				, 	6, true , 'ADM' , ''),
(95116, 'PUNTO DE VENTA'										, 	''						, ''	,	''	,	''	,	''		,	''	,	''	    		,	'TI_SEDE'				, 	7, true , 'ADM' , ''),
	
(95120, 'COLEGIO / ESCUELA'										,	''						, ''	,	''	,	''	,	''		,	''	,	''	    		,	'TI_INST_ESTUDIO'		,  	1, true , 'ADM' , ''),
(95121, 'CETPRO / CEO / OTRO'									,	''						, ''	,	''	,	''	,	''		,	''	,	''	    		,	'TI_INST_ESTUDIO'		,  	2, true , 'ADM' , ''),
(95122, 'INSTITUTO'												,	''						, ''	,	''	,	''	,	''		,	''	,	''	    		,	'TI_INST_ESTUDIO'		,  	3, true , 'ADM' , ''),
(95123, 'ESCUELA ARTISTICA / DEPORTIVA / CULTURAL / OTRO'		,	''						, ''	,	''	,	''	,	''		,	''	,	''	    		,	'TI_INST_ESTUDIO'		,  	4, true , 'ADM' , ''),
(95124, 'ESCUELA POLICIAL'										,	''						, ''	,	''	,	''	,	''		,	''	,	''	    		,	'TI_INST_ESTUDIO'		,  	5, true , 'ADM' , ''),
(95125, 'ESCUELA MILITAR'										,	''						, ''	,	''	,	''	,	''		,	''	,	''	    		,	'TI_INST_ESTUDIO'		,  	6, true , 'ADM' , ''),
(95126, 'UNIVERSIDAD'											,	''						, ''	,	''	,	''	,	''		,	''	,	''	    		,	'TI_INST_ESTUDIO'		,  	7, true , 'ADM' , ''),
	
(95130, 'SOLTERO/A'												, 	''						, ''	,	''	,	''	,	''		,	''	,	''	    		,	'TI_EST_CIV'			, 	1, true , 'ADM' , ''),
(95131, 'CASADO/A'												, 	''						, ''	,	''	,	''	,	''		,	''	,	''	    		,	'TI_EST_CIV'			, 	2, true , 'ADM' , ''),
(95132, 'CONVIVIENTE'											, 	''						, ''	,	''	,	''	,	''		,	''	,	''	    		,	'TI_EST_CIV'			, 	3, true , 'ADM' , ''),
(95133, 'SEPARADO/A'											, 	''						, ''	,	''	,	''	,	''		,	''	,	''	    		,	'TI_EST_CIV'			, 	4, true , 'ADM' , ''),
(95134, 'DIVORCIADO/A'											, 	''						, ''	,	''	,	''	,	''		,	''	,	''	    		,	'TI_EST_CIV'			, 	5, true , 'ADM' , ''),
(95135, 'VIUDO/A'												, 	''						, ''	,	''	,	''	,	''		,	''	,	''	    		,	'TI_EST_CIV'			, 	6, true , 'ADM' , ''),
(95139, '<SIN INDICAR>'											, 	''						, ''	,	''	,	''	,	''		,	''	,	''	    		,	'TI_EST_CIV'			, 	7, true , 'ADM' , ''),
	
(95140, 'SIN EDUCACIÓN FORMAL'									, 	''						, '01'	,	''	,	''	,	''		,	''	,	''	    		,	'TI_SIT_EDUC'			,   1, true , 'ADM' , ''),	--SUNAT-PLAME-Anexo2.xlsx  ->  T9 Situación Educativa
(95141, 'ESPECIAL INCOMPLETA'									, 	''						, '02'	,	''	,	''	,	''		,	''	,	''	    		,	'TI_SIT_EDUC'			,   2, true , 'ADM' , ''),
(95142, 'ESPECIAL COMPLETA'										, 	''						, '03'	,	''	,	''	,	''		,	''	,	''	    		,	'TI_SIT_EDUC'			,   3, true , 'ADM' , ''),
(95143, 'PRIMARIA INCOMPLETA'									, 	''						, '04'	,	''	,	''	,	''		,	''	,	''	    		,	'TI_SIT_EDUC'			,   4, true , 'ADM' , ''),
(95144, 'PRIMARIA COMPLETA'										, 	''						, '05'	,	''	,	''	,	''		,	''	,	''	    		,	'TI_SIT_EDUC'			,   5, true , 'ADM' , ''),
(95145, 'SECUNDARIA INCOMPLETA'									, 	''						, '06'	,	''	,	''	,	''		,	''	,	''	    		,	'TI_SIT_EDUC'			,   6, true , 'ADM' , ''),
(95146, 'SECUNDARIA COMPLETA'									, 	''						, '07'	,	''	,	''	,	''		,	''	,	''	    		,	'TI_SIT_EDUC'			,   7, true , 'ADM' , ''),
(95147, 'TÉCNICA INCOMPLETA - CEO/CETPRO'						, 	''						, '08'	,	''	,	''	,	''		,	''	,	''	    		,	'TI_SIT_EDUC'			,   8, true , 'ADM' , ''),
(95148, 'TÉCNICA COMPLETA - CEO/CETPRO'							, 	''						, '09'	,	''	,	''	,	''		,	''	,	''	    		,	'TI_SIT_EDUC'			,   9, true , 'ADM' , ''),
(95149, 'SUPERIOR INCOMPLETA - IST/ISP/ESC. FORM. ART./ESC. SUBOF.',''						, '10'	,	''	,	''	,	''		,	''	,	''	    		,	'TI_SIT_EDUC'			,  10, true , 'ADM' , ''),
(95150, 'SUPERIOR COMPLETA - IST/ISP/ESC. FORM. ART./ESC. SUBOF.'  ,''						, '11'	,	''	,	''	,	''		,	''	,	''	    		,	'TI_SIT_EDUC'			,  11, true , 'ADM' , ''),
(95151, 'UNIVERSITARIA INCOMPLETA - ESCUELA OF.'				, 	''						, '12'	,	''	,	''	,	''		,	''	,	''	    		,	'TI_SIT_EDUC'			,  12, true , 'ADM' , ''),
(95152, 'UNIVERSITARIA COMPLETA - ESCUELA OF.'					, 	''						, '13'	,	''	,	''	,	''		,	''	,	''	    		,	'TI_SIT_EDUC'			,  13, true , 'ADM' , ''),
(95153, 'GRADO DE BACHILLER'									, 	''						, '14'	,	''	,	''	,	''		,	''	,	''	    		,	'TI_SIT_EDUC'			,  14, true , 'ADM' , ''),
(95154, 'TITULADO'												, 	''						, '15'	,	''	,	''	,	''		,	''	,	''	    		,	'TI_SIT_EDUC'			,  15, true , 'ADM' , ''),
(95155, 'MAESTRÍA INCOMPLETA'									, 	''						, '16'	,	''	,	''	,	''		,	''	,	''	    		,	'TI_SIT_EDUC'			,  16, true , 'ADM' , ''),
(95156, 'MAESTRÍA COMPLETA'										, 	''  					, '17'	,	''	,	''	,	''		,	''	,	''	    		,	'TI_SIT_EDUC'			,  17, true , 'ADM' , ''),
(95157, 'GRADO DE MAESTRÍA'										, 	''  					, '18'	,	''	,	''	,	''		,	''	,	''	    		,	'TI_SIT_EDUC'			,  18, true , 'ADM' , ''),
(95158, 'DOCTORADO INCOMPLETO'									, 	''  					, '19'	,	''	,	''	,	''		,	''	,	''	    		,	'TI_SIT_EDUC'			,  19, true , 'ADM' , ''),
(95159, 'DOCTORADO COMPLETO'									, 	''  					, '20'	,	''	,	''	,	''		,	''	,	''	    		,	'TI_SIT_EDUC'			,  20, true , 'ADM' , ''),
(95160, 'GRADO DE DOCTOR'										, 	''  					, '21'	,	''	,	''	,	''		,	''	,	''	    		,	'TI_SIT_EDUC'			,  21, true , 'ADM' , ''),
(95169, '<SIN INDICAR>'											, 	''  					, '99'	,	''	,	''	,	''		,	''	,	''	    		,	'TI_SIT_EDUC'			,  22, true , 'ADM' , ''),
	
(95170, 'SEÑOR'													, 	'SR.'					, ''	,	''	,	''	,	''		,	''	,	''				,	'TI_TITULO'				, 	1, true , 'ADM' , ''),
(95171, 'SEÑORA'												, 	'SRA.'					, ''	,	''	,	''	,	''		,	''	,	''				,	'TI_TITULO'				, 	2, true , 'ADM' , ''),
(95172, 'SEÑORITA'												, 	'SRTA.'					, ''	,	''	,	''	,	''		,	''	,	''				,	'TI_TITULO'				, 	3, true , 'ADM' , ''),
(95173, 'LICENCIADO/A'											, 	'LIC.'					, ''	,	''	,	''	,	''		,	''	,	''				,	'TI_TITULO'				, 	4, true , 'ADM' , ''),
(95174, 'CONTADOR/A PÚBLICO/A COLEGIADO/A'						, 	'C.P.C.'				, ''	,	''	,	''	,	''		,	''	,	''				,	'TI_TITULO'				, 	4, true , 'ADM' , ''),
(95175, 'ABOGADO/A'												, 	'ABOG.'					, ''	,	''	,	''	,	''		,	''	,	''				,	'TI_TITULO'				, 	4, true , 'ADM' , ''),
(95176, 'INGENIERO/A'											, 	'ING.'					, ''	,	''	,	''	,	''		,	''	,	''				,	'TI_TITULO'				, 	4, true , 'ADM' , ''),
(95177, 'ARQUITECTO/A'											, 	'ARQ.'					, ''	,	''	,	''	,	''		,	''	,	''				,	'TI_TITULO'				, 	4, true , 'ADM' , ''),
(95178, 'PROFESOR/A'											, 	'PROF.'					, ''	,	''	,	''	,	''		,	''	,	''				,	'TI_TITULO'				, 	4, true , 'ADM' , ''),
(95179, 'BACHILLER'												, 	'BACH.'					, ''	,	''	,	''	,	''		,	''	,	''				,	'TI_TITULO'				, 	4, true , 'ADM' , ''),
(95180, 'MAGISTER'												, 	'MG.'					, ''	,	''	,	''	,	''		,	''	,	''				,	'TI_TITULO'				, 	4, true , 'ADM' , ''),
(95181, 'DOCTOR/A'												, 	'DR.'					, ''	,	''	,	''	,	''		,	''	,	''				,	'TI_TITULO'				, 	4, true , 'ADM' , ''),
(95182, 'OFICIAL'												, 	'OF.'					, ''	,	''	,	''	,	''		,	''	,	''				,	'TI_TITULO'				, 	4, true , 'ADM' , ''),
(95183, 'SUBOFICIAL'											, 	'SOF.'					, ''	,	''	,	''	,	''		,	''	,	''				,	'TI_TITULO'				, 	4, true , 'ADM' , ''),
(95184, 'TÉCNICO/A'												, 	'TEC.'					, ''	,	''	,	''	,	''		,	''	,	''				,	'TI_TITULO'				, 	4, true , 'ADM' , ''),
(95185, 'PSICÓLOGO/A'											, 	'PS.'					, ''	,	''	,	''	,	''		,	''	,	''				,	'TI_TITULO'				, 	4, true , 'ADM' , ''),
	
(95200, 'OFICINA'												, 	'OFI'					, ''	,	''	,	''	,	''		,	''	,	''				,	'TI_AMBIENTE'			, 	9, true , 'ADM' , ''),
(95201, 'ALMACÉN CONSUMIBLES'									, 	'AL1'					, ''	,	''	,	''	,	''		,	''	,	''				,	'TI_AMBIENTE'			, 	9, true , 'ADM' , ''),
(95202, 'ALMACÉN MERCADERÍA'									, 	'AL2'					, ''	,	''	,	''	,	''		,	''	,	''				,	'TI_AMBIENTE'			, 	9, true , 'ADM' , ''),
(95203, 'ALMACÉN MATERIA PRIMA'									, 	'AMP'					, ''	,	''	,	''	,	''		,	''	,	''				,	'TI_AMBIENTE'			, 	9, true , 'ADM' , ''),
(95204, 'ALMACÉN GENERAL'										, 	'ALM'					, ''	,	''	,	''	,	''		,	''	,	''				,	'TI_AMBIENTE'			, 	9, true , 'ADM' , ''),
(95205, 'PUNTO DE VENTA'										, 	'PVT'					, ''	,	''	,	''	,	''		,	''	,	''				,	'TI_AMBIENTE'			, 	9, true , 'ADM' , ''),
(95206, 'SALÓN'													, 	'SAL'					, ''	,	''	,	''	,	''		,	''	,	''				,	'TI_AMBIENTE'			, 	9, true , 'ADM' , ''),
(95207, 'SALA'													, 	'SAA'					, ''	,	''	,	''	,	''		,	''	,	''				,	'TI_AMBIENTE'			, 	9, true , 'ADM' , ''),
(95208, 'HALL'													, 	'HAL'					, ''	,	''	,	''	,	''		,	''	,	''				,	'TI_AMBIENTE'			, 	9, true , 'ADM' , ''),
(95209, 'JARDÍN'												, 	'JAR'					, ''	,	''	,	''	,	''		,	''	,	''				,	'TI_AMBIENTE'			, 	9, true , 'ADM' , ''),
(95210, 'DUCTO'													, 	'DUC'					, ''	,	''	,	''	,	''		,	''	,	''				,	'TI_AMBIENTE'			, 	9, true , 'ADM' , ''),
(95211, 'PATIO'													, 	'PAT'					, ''	,	''	,	''	,	''		,	''	,	''				,	'TI_AMBIENTE'			, 	9, true , 'ADM' , ''),
(95212, 'PASADIZO'												, 	'PAS'					, ''	,	''	,	''	,	''		,	''	,	''				,	'TI_AMBIENTE'			, 	9, true , 'ADM' , ''),
(95213, 'ASENSOR'												, 	'ASE'					, ''	,	''	,	''	,	''		,	''	,	''				,	'TI_AMBIENTE'			, 	9, true , 'ADM' , ''),
(95214, 'GRADA'													, 	'GRA'					, ''	,	''	,	''	,	''		,	''	,	''				,	'TI_AMBIENTE'			, 	9, true , 'ADM' , ''),
(95215, 'BAÑO'													, 	'BAN'					, ''	,	''	,	''	,	''		,	''	,	''				,	'TI_AMBIENTE'			, 	9, true , 'ADM' , ''),
(95216, 'AUDITORIO'												, 	'AUD'					, ''	,	''	,	''	,	''		,	''	,	''				,	'TI_AMBIENTE'			, 	9, true , 'ADM' , ''),
(95217, 'ALMACÉN PRODUCTOS TERMINADOS'							, 	'APT'					, ''	,	''	,	''	,	''		,	''	,	''				,	'TI_AMBIENTE'			, 	9, true , 'ADM' , ''),

(95220, 'MAÑANA'												, 	''						, ''	,	''	,	''	,	''		,	''	,	''	    		,	'TI_TURNO'				,  	1, true , 'ADM' , ''),
(95221, 'TARDE'													, 	''						, ''	,	''	,	''	,	''		,	''	,	''	    		,	'TI_TURNO'				,  	2, true , 'ADM' , ''),
(95222, 'NOCHE'													, 	''						, ''	,	''	,	''	,	''		,	''	,	''	    		,	'TI_TURNO'				,  	3, true , 'ADM' , ''),
(95223, 'TODO EL DÍA'											, 	''						, ''	,	''	,	''	,	''		,	''	,	''	    		,	'TI_TURNO'				,  	4, true , 'ADM' , ''),
(95224, 'TODA LA NOCHE'											, 	''						, ''	,	''	,	''	,	''		,	''	,	''	    		,	'TI_TURNO'				,  	5, true , 'ADM' , ''),
(95225, 'SOLO FINES DE SEMANA'									, 	''						, ''	,	''	,	''	,	''		,	''	,	''	    		,	'TI_TURNO'				,  	6, true , 'ADM' , ''),
(95226, 'INTERDIARIO'											, 	''						, ''	,	''	,	''	,	''		,	''	,	''	    		,	'TI_TURNO'				,  	7, true , 'ADM' , ''),
(95229, 'VARIABLE'												, 	''						, ''	,	''	,	''	,	''		,	''	,	''	    		,	'TI_TURNO'				,  	8, true , 'ADM' , ''),
	
(95230, 'CASTELLANO'											, 	''						, ''	,	''	,	''	,	''		,	''	,	''	    		,	'TI_LENGUA'				,  	1, true , 'ADM' , ''),
(95231, 'QUECHUA'												, 	''						, ''	,	''	,	''	,	''		,	''	,	''	    		,	'TI_LENGUA'				,  	2, true , 'ADM' , ''),
(95232, 'AYMARA'												, 	''						, ''	,	''	,	''	,	''		,	''	,	''	    		,	'TI_LENGUA'				,  	3, true , 'ADM' , ''),
(95233, 'ASHANINKA(CAMPA)'										, 	''						, ''	,	''	,	''	,	''		,	''	,	''	    		,	'TI_LENGUA'				,  	3, true , 'ADM' , ''),
(95234, 'AGUARUNA'												, 	''						, ''	,	''	,	''	,	''		,	''	,	''	    		,	'TI_LENGUA'				,  	3, true , 'ADM' , ''),
(95235, 'SHIPIBA'												, 	''						, ''	,	''	,	''	,	''		,	''	,	''	    		,	'TI_LENGUA'				,  	3, true , 'ADM' , ''),
(95236, 'HIJITOTO'												, 	''						, ''	,	''	,	''	,	''		,	''	,	''	    		,	'TI_LENGUA'				,  	3, true , 'ADM' , ''),
(95237, 'COCAMA - COCAMILLA'									, 	''						, ''	,	''	,	''	,	''		,	''	,	''	    		,	'TI_LENGUA'				,  	3, true , 'ADM' , ''),
(95238, 'MACHIGUENGA'											, 	''						, ''	,	''	,	''	,	''		,	''	,	''	    		,	'TI_LENGUA'				,  	3, true , 'ADM' , ''),
(95239, 'PIRO'													, 	''						, ''	,	''	,	''	,	''		,	''	,	''	    		,	'TI_LENGUA'				,  	3, true , 'ADM' , ''),
(95240, 'CASHINAHUA'											, 	''						, ''	,	''	,	''	,	''		,	''	,	''	    		,	'TI_LENGUA'				,  	3, true , 'ADM' , ''),
(95241, 'COCATAIBO'												, 	''						, ''	,	''	,	''	,	''		,	''	,	''	    		,	'TI_LENGUA'				,  	3, true , 'ADM' , ''),
(95242, 'YAMINAHUA'												, 	''						, ''	,	''	,	''	,	''		,	''	,	''	    		,	'TI_LENGUA'				,  	3, true , 'ADM' , ''),
(95243, 'CULINA'												, 	''						, ''	,	''	,	''	,	''		,	''	,	''	    		,	'TI_LENGUA'				,  	3, true , 'ADM' , ''),
(95244, 'SHARANAHUA'											, 	''						, ''	,	''	,	''	,	''		,	''	,	''	    		,	'TI_LENGUA'				,  	3, true , 'ADM' , ''),
(95245, 'MATSANAHUA'											, 	''						, ''	,	''	,	''	,	''		,	''	,	''	    		,	'TI_LENGUA'				,  	3, true , 'ADM' , ''),
(95246, 'ANAHUACA'												, 	''						, ''	,	''	,	''	,	''		,	''	,	''	    		,	'TI_LENGUA'				,  	3, true , 'ADM' , ''),
(95247, 'HUAMBISA'												, 	''						, ''	,	''	,	''	,	''		,	''	,	''	    		,	'TI_LENGUA'				,  	3, true , 'ADM' , ''),
(95248, 'ACHUAR'												, 	''						, ''	,	''	,	''	,	''		,	''	,	''	    		,	'TI_LENGUA'				,  	3, true , 'ADM' , ''),
(95249, 'BORA'													, 	''						, ''	,	''	,	''	,	''		,	''	,	''	    		,	'TI_LENGUA'				,  	3, true , 'ADM' , ''),
(95250, 'CHAYAHUITA'											, 	''						, ''	,	''	,	''	,	''		,	''	,	''	    		,	'TI_LENGUA'				,  	3, true , 'ADM' , ''),
(95251, 'YANESHA'												, 	''						, ''	,	''	,	''	,	''		,	''	,	''	    		,	'TI_LENGUA'				,  	3, true , 'ADM' , ''),
(95252, 'INGLES'												, 	''						, ''	,	''	,	''	,	''		,	''	,	''	    		,	'TI_LENGUA'				,  	8, true , 'ADM' , ''),
(95253, 'FRANCES'												, 	''						, ''	,	''	,	''	,	''		,	''	,	''	    		,	'TI_LENGUA'				,  	8, true , 'ADM' , ''),
(95254, 'ITALIANO'												, 	''						, ''	,	''	,	''	,	''		,	''	,	''	    		,	'TI_LENGUA'				,  	8, true , 'ADM' , ''),
(95259, '<SIN INDICAR>'											, 	''						, ''	,	''	,	''	,	''		,	''	,	''	    		,	'TI_LENGUA'				,  11, true , 'ADM' , ''),
	
(95260, 'CASA'													, 	''						, ''	,	''	,	''  ,	''	    ,	''	,	''	    		,	'TI_VIVIENDA'			,  	1, true , 'ADM' , ''),
(95261, 'DEPARTAMENTO'											, 	''						, ''	,	''	,	''  ,	''	    ,	''	,	''	    		,	'TI_VIVIENDA'			,  	2, true , 'ADM' , ''),
(95262, 'DUPLEX'												, 	''						, ''	,	''	,	''  ,	''	    ,	''	,	''	    		,	'TI_VIVIENDA'			,  	3, true , 'ADM' , ''),
(95263, 'CUARTO'												, 	''						, ''	,	''	,	''  ,	''	    ,	''	,	''	    		,	'TI_VIVIENDA'			,  	4, true , 'ADM' , ''),
(95269, '<SIN INDICAR>'											, 	''						, ''	,	''	,	''  ,	''	    ,	''	,	''	    		,	'TI_VIVIENDA'			,  	5, true , 'ADM' , ''),
	
(95270, 'MATERIAL NOBLE'										, 	''						, ''	,	''	,	''  ,	''	    ,	''	,	''	    		,	'TI_VIV_MATERIAL'		,  	1, true , 'ADM' , ''),
(95271, 'MADERA'												, 	''						, ''	,	''	,	''  ,	''	    ,	''	,	''	    		,	'TI_VIV_MATERIAL'		,  	2, true , 'ADM' , ''),
(95272, 'RÚSTICO'												, 	''						, ''	,	''	,	''  ,	''	    ,	''	,	''	    		,	'TI_VIV_MATERIAL'		,  	3, true , 'ADM' , ''),
(95279, '<SIN INDICAR>'											, 	''						, ''	,	''	,	''  ,	''	    ,	''	,	''	    		,	'TI_VIV_MATERIAL'		,  	3, true , 'ADM' , ''),
	
(95280, 'ALQUILADO'												, 	''						, ''	,	''	,	''  ,	''	    ,	''	,	''	    		,	'TI_VIV_CONDICION'		,  	1, true , 'ADM' , ''),
(95281, 'PROPIO'												, 	''						, ''	,	''	,	''  ,	''	    ,	''	,	''	    		,	'TI_VIV_CONDICION'		,  	2, true , 'ADM' , ''),
(95282, 'FAMILIAR'												, 	''						, ''	,	''	,	''  ,	''	    ,	''	,	''	    		,	'TI_VIV_CONDICION'		,  	3, true , 'ADM' , ''),
(95289, '<SIN INDICAR>'											, 	''						, ''	,	''	,	''  ,	''	    ,	''	,	''	    		,	'TI_VIV_CONDICION'		,  	4, true , 'ADM' , ''),
	
(95290, 'SIN MOVILIDAD'											, 	''						, ''	,	''	,	''  ,	''		,	''	,	''	    		,	'TI_MOVILIDAD'			,  	1, true , 'ADM' , ''),
(95291, 'BICICLETA'												, 	''						, ''	,	''	,	''  ,	''		,	''	,	''	    		,	'TI_MOVILIDAD'			,  	2, true , 'ADM' , ''),
(95292, 'PROPIO MOTORIZADO 2|3 RUEDAS'							, 	''						, ''	,	''	,	''  ,	''		,	''	,	''	    		,	'TI_MOVILIDAD'	    	,  	3, true , 'ADM' , ''),
(95293, 'PROPIO MOTORIZADO 4+ RUEDAS'							, 	''						, ''	,	''	,	''  ,	''		,	''	,	''	    		,	'TI_MOVILIDAD'	    	,  	4, true , 'ADM' , ''),
(95294, 'TRANSPORTE PÚBLICO'									, 	''						, ''	,	''	,	''  ,	''		,	''	,	''	    		,	'TI_MOVILIDAD'	    	,  	5, true , 'ADM' , ''),
(95295, 'MIXTO [PROPIO/PÚBLICO]'								, 	''						, ''	,	''	,	''  ,	''		,	''	,	''	    		,	'TI_MOVILIDAD'	    	,  	6, true , 'ADM' , ''),
(95299, '<SIN INDICAR>'											, 	''						, ''	,	''	,	''  ,	''		,	''	,	''	    		,	'TI_MOVILIDAD'	    	,  	7, true , 'ADM' , ''),


																																				
(10001, 'ACTIVO'												, 	''						, ''	,	''	,	''	,	''		,	''	,	''				,	'TI_ESTADO_CONTRIB'		,  	1, true , 'COM' , ''),
(10002, 'SUSPENSIÓN TEMPORAL'									, 	''						, ''	,	''	,	''	,	''		,	''	,	''				,	'TI_ESTADO_CONTRIB'		,  	2, true , 'COM' , ''),
(10003, 'BAJA PROVISIONAL'										, 	''						, ''	,	''	,	''	,	''		,	''	,	''				,	'TI_ESTADO_CONTRIB'		,  	3, true , 'COM' , ''),
(10004, 'BAJA DEFINITIVA'										, 	''						, ''	,	''	,	''	,	''		,	''	,	''				,	'TI_ESTADO_CONTRIB'		,  	4, true , 'COM' , ''),
(10005, 'BAJA PROVISIONAL DE OFICIO'							, 	''						, ''	,	''	,	''	,	''		,	''	,	''				,	'TI_ESTADO_CONTRIB'		,  	5, true , 'COM' , ''),
(10006, 'BAJA DEFINITIVA DE OFICIO'								, 	''						, ''	,	''	,	''	,	''		,	''	,	''				,	'TI_ESTADO_CONTRIB'		,  	6, true , 'COM' , ''),
(10007, '<SIN INDICAR>'											, 	''						, ''	,	''	,	''	,	''		,	''	,	''				,	'TI_ESTADO_CONTRIB'		,  	7, true , 'COM' , ''),
																																																		
(10010, 'HABIDO'												, 	''						, ''	,	''	,	''	,	''		,	''	,	''				,	'TI_CONDICION_CONTRIB'	,  	1, true , 'COM' , ''),
(10011, 'NO HALLADO'											, 	''						, ''	,	''	,	''	,	''		,	''	,	''				,	'TI_CONDICION_CONTRIB'	,  	2, true , 'COM' , ''),
(10012, 'NO HABIDO'												, 	''						, ''	,	''	,	''	,	''		,	''	,	''				,	'TI_CONDICION_CONTRIB'	,  	3, true , 'COM' , ''),
(10013, '<SIN INDICAR>'											, 	''						, ''	,	''	,	''	,	''		,	''	,	''				,	'TI_CONDICION_CONTRIB'	,  	4, true , 'COM' , '');


/*
(10460, '<SIN INDICAR>'											, 	'---'					, ''	,	''	,	''		,	''		,	'TI_NIV_EDUC'		, 	4, true , 'ACD' , ''),
(10461, 'INICIAL'												, 	'INI'					, ''	,	''	,	''		,	''		,	'TI_NIV_EDUC'		, 	1, true , 'ACD' , ''),
(10462, 'PRIMARIA'												, 	'PRI'					, ''	,	''	,	''		,	''		,	'TI_NIV_EDUC'		, 	2, true , 'ACD' , ''),
(10463, 'SECUNDARIA'											, 	'SEC'					, ''	,	''	,	''		,	''		,	'TI_NIV_EDUC'		, 	3, true , 'ACD' , ''),


(10310, 'PAPÁ'													, 	''						, ''	,	''	,	''		,	''	    ,	'TI_PARENTESCO'		,  	1, true , 'ACD' , ''),
(10311, 'MAMÁ'													, 	''						, ''	,	''	,	''		,	''	    ,	'TI_PARENTESCO'		,  	2, true , 'ACD' , ''),
(10312, 'ESPOSO/A'												, 	''						, ''	,	''	,	''		,	''	    ,	'TI_PARENTESCO'		,  10, true , 'ACD' , ''),
(10313, 'PAREJA'												, 	''						, ''	,	''	,	''		,	''	    ,	'TI_PARENTESCO'		,  10, true , 'ACD' , ''),
(10314, 'HIJO/A'												, 	''						, ''	,	''	,	''		,	''	    ,	'TI_PARENTESCO'		,  10, true , 'ACD' , ''),
(10315, 'ABUELO/A'												, 	''						, ''	,	''	,	''		,	''	    ,	'TI_PARENTESCO'		,  10, true , 'ACD' , ''),
(10316, 'HERMANO/A'												, 	''						, ''	,	''	,	''		,	''	    ,	'TI_PARENTESCO'		,  10, true , 'ACD' , ''),
(10317, 'TÍO/A'													, 	''						, ''	,	''	,	''		,	''	    ,	'TI_PARENTESCO'		,  10, true , 'ACD' , ''),
(10318, 'PRIMO/A'												, 	''						, ''	,	''	,	''		,	''	    ,	'TI_PARENTESCO'		,  10, true , 'ACD' , ''),
(10319, 'PADRINO/MADRINA'										, 	''						, ''	,	''	,	''		,	''	    ,	'TI_PARENTESCO'		,  10, true , 'ACD' , ''),
(10320, 'TUTOR/A'												, 	''						, ''	,	''	,	''		,	''	    ,	'TI_PARENTESCO'		,  10, true , 'ACD' , ''),
(10321, 'COMPADRE/COMADRE'										, 	''						, ''	,	''	,	''		,	''	    ,	'TI_PARENTESCO'		,  10, true , 'ACD' , ''),
(10322, 'CUÑADO/A'												, 	''						, ''	,	''	,	''		,	''	    ,	'TI_PARENTESCO'		,  10, true , 'ACD' , ''),
(10323, 'SUEGRO/A'												, 	''						, ''	,	''	,	''		,	''	    ,	'TI_PARENTESCO'		,  10, true , 'ACD' , ''),
(10324, 'AMISTAD'												, 	''						, ''	,	''	,	''		,	''	    ,	'TI_PARENTESCO'		,  97, true , 'ACD' , ''),
(10325, 'SOBRINO/A'												, 	''						, ''	,	''	,	''		,	''	    ,	'TI_PARENTESCO'		,  10, true , 'ACD' , ''),
(10326, 'OTRO PARENTESCO'										, 	''						, ''	,	''	,	''		,	''	    ,	'TI_PARENTESCO'		,  98, true , 'ACD' , ''),
(10327, '<SIN INDICAR>'											, 	''						, ''	,	''	,	''		,	''	    ,	'TI_PARENTESCO'		,  99, true , 'ACD' , ''),
*/
																													



/*
																															
																																		
(10220, 'CATÓLICA'												, 	''						, ''	,	''	,	''		,	''	    ,	'TI_RELIGION'		,  	1, true , 'ADM' , ''),
(10221, 'CRISTIANA'												, 	''						, ''	,	''	,	''		,	''	    ,	'TI_RELIGION'		,  	2, true , 'ADM' , ''),
(10222, 'OTRA RELIGIÓN'											, 	''						, ''	,	''	,	''		,	''	    ,	'TI_RELIGION'		,  10, true , 'ADM' , ''),
(10223, 'NINGUNA RELIGIÓN'										, 	''						, ''	,	''	,	''		,	''	    ,	'TI_RELIGION'		,  11, true , 'ADM' , ''),
(10224, '<SIN INDICAR>'											, 	''						, ''	,	''	,	''		,	''	    ,	'TI_RELIGION'		,  12, true , 'ADM' , ''),
(10225, 'DHÁRMICAS'												, 	''						, ''	,	''	,	''		,	''	    ,	'TI_RELIGION'		,  	3, true , 'ADM' , ''),
(10226, 'ISLAMÍCA'												, 	''						, ''	,	''	,	''		,	''	    ,	'TI_RELIGION'		,  	4, true , 'ADM' , ''),
(10227, 'JUDÍA'													, 	''						, ''	,	''	,	''		,	''	    ,	'TI_RELIGION'		,  	5, true , 'ADM' , ''),
																																		

																																		
(10270, '<1,000.00'												, 	''						, ''	,	''	,	''		,	''	    ,	'TI_FAM_INGRESOS'	,  	1, true , 'ADM' , ''),
(10271, '  1,000.00 -  2,000.00'								, 	''						, ''	,	''	,	''		,	''	    ,	'TI_FAM_INGRESOS'	,  	2, true , 'ADM' , ''),
(10272, '  2,001.00 -  3,000.00'								, 	''						, ''	,	''	,	''		,	''	    ,	'TI_FAM_INGRESOS'	,  	3, true , 'ADM' , ''),
(10273, '  3,001.00 -  4,000.00'								, 	''						, ''	,	''	,	''		,	''	    ,	'TI_FAM_INGRESOS'	,  	4, true , 'ADM' , ''),
(10274, '  4,001.00 -  5,000.00'								, 	''						, ''	,	''	,	''		,	''	    ,	'TI_FAM_INGRESOS'	,  	5, true , 'ADM' , ''),
(10275, '  5,001.00 -  7,500.00'								, 	''						, ''	,	''	,	''		,	''	    ,	'TI_FAM_INGRESOS'	,  	6, true , 'ADM' , ''),
(10276, '  7,501.00 - 10,000.00'								, 	''						, ''	,	''	,	''		,	''	    ,	'TI_FAM_INGRESOS'	,  	7, true , 'ADM' , ''),
(10277, '10,001.00 - 15,000.00'									, 	''						, ''	,	''	,	''		,	''	    ,	'TI_FAM_INGRESOS'	,  	8, true , 'ADM' , ''),
(10278, '15,001.00 - 20,000.00'									, 	''						, ''	,	''	,	''		,	''	    ,	'TI_FAM_INGRESOS'	,  	9, true , 'ADM' , ''),
(10279, '>20,000.00'											, 	''						, ''	,	''	,	''		,	''	    ,	'TI_FAM_INGRESOS'	,  10, true , 'ADM' , ''),

																																																														
																																																																																																																												
(10290, 'SIS - SEGURO INTEGRAL DE SALUD'						, 	''						, ''	,	''	,	''		,	''	    ,	'TI_FAM_SEGURO'		,  	1, true , 'ADM' , ''),
(10291, 'ESSALUD'												, 	''						, ''	,	''	,	''		,	''	    ,	'TI_FAM_SEGURO'		,  	2, true , 'ADM' , ''),
(10292, 'SEGURO SALUD FFAA'										, 	''						, ''	,	''	,	''		,	''	    ,	'TI_FAM_SEGURO'		,  	3, true , 'ADM' , ''),
(10293, 'SEGURO SALUD FFPP'										, 	''						, ''	,	''	,	''		,	''	    ,	'TI_FAM_SEGURO'		,  	4, true , 'ADM' , ''),
(10294, 'EPS RIMAC'												, 	''						, ''	,	''	,	''		,	''	    ,	'TI_FAM_SEGURO'		,  	5, true , 'ADM' , ''),
(10295, 'EPS MAPFRE'											, 	''						, ''	,	''	,	''		,	''	    ,	'TI_FAM_SEGURO'		,  	6, true , 'ADM' , ''),
(10296, 'EPS SANITAS'											, 	''						, ''	,	''	,	''		,	''	    ,	'TI_FAM_SEGURO'		,  	7, true , 'ADM' , ''),
(10297, 'EPS PACÍFICO'											, 	''						, ''	,	''	,	''		,	''	    ,	'TI_FAM_SEGURO'		,  	8, true , 'ADM' , ''),
(10298, '<SIN INDICAR>'											, 	''						, ''	,	''	,	''		,	''	    ,	'TI_FAM_SEGURO'		,  	9, true , 'ADM' , ''),
																																		
																																								
(10350, 'DIARIO'												, 	''						, ''	,	''	,	'1'		,	'DÍA'	,	'TI_PERIODICIDAD'	,  	1, true , 'ADM' , ''),
(10351, 'SEMANAL'												, 	''						, ''	,	''	,	'7'		,	'DÍA'	,	'TI_PERIODICIDAD'	,  	2, true , 'ADM' , ''),
(10352, 'QUINCENAL 14'											, 	''						, ''	,	''	,	'14'	,	'DÍA'	,	'TI_PERIODICIDAD'	,  	3, true , 'ADM' , ''),
(10353, 'QUINCENAL 15'											, 	''						, ''	,	''	,	'15'	,	'DÍA'	,	'TI_PERIODICIDAD'	,  	4, true , 'ADM' , ''),
(10354, 'MENSUAL'												, 	''						, ''	,	''	,	'1'		,	'MES'	,	'TI_PERIODICIDAD'	,  	5, true , 'ADM' , ''),
(10355, 'BIMESTRAL'												, 	''						, ''	,	''	,	'2'		,	'MES'	,	'TI_PERIODICIDAD'	,  	6, true , 'ADM' , ''),
(10356, 'TRIMESTRAL'											, 	''						, ''	,	''	,	'3'		,	'MES'	,	'TI_PERIODICIDAD'	,  	7, true , 'ADM' , ''),
(10357, 'CUATRIMESTRAL'											, 	''						, ''	,	''	,	'4'		,	'MES'	,	'TI_PERIODICIDAD'	,  	8, true , 'ADM' , ''),
(10358, 'QUINQUEMESTRAL'										, 	''						, ''	,	''	,	'5'		,	'MES'	,	'TI_PERIODICIDAD'	,   9, true , 'ADM' , ''),
(10359, 'SEMESTRAL'												, 	''						, ''	,	''	,	'6'		,	'MES'	,	'TI_PERIODICIDAD'	,  10, true , 'ADM' , ''),
(10360, 'ANUAL'													, 	''						, ''	,	''	,	'1'		,	'AÑO'	,	'TI_PERIODICIDAD'	,  11, true , 'ADM' , ''),
(10361, 'NINGUNO'												, 	''						, ''	,	''	,	'0'		,	'---'	,	'TI_PERIODICIDAD'	,  12, true , 'ADM' , ''),
			
			

																																		

																																															
(10470, 'CIENCIAS'												, 	''						, ''	,	''	,	''		,	''		,	'TI_GRP_ESTUDIO'	,  	1, true , 'ACD' , ''),
(10471, 'LETRAS'												, 	''						, ''	,	''	,	''		,	''		,	'TI_GRP_ESTUDIO'	,  	2, true , 'ACD' , ''),
(10472, 'ESFUERZO FÍSICO'										, 	''						, ''	,	''	,	''		,	''		,	'TI_GRP_ESTUDIO'	,  	3, true , 'ACD' , ''),
(10473, 'CONOCIMIENTOS'											, 	''						, ''	,	''	,	''		,	''		,	'TI_GRP_ESTUDIO'	,  	4, true , 'ACD' , ''),
(10474, 'ÚNICO'													, 	''						, ''	,	''	,	''		,	''		,	'TI_GRP_ESTUDIO'	,  	5, true , 'ACD' , ''),
(10475, 'GRUPOS VARIOS'											, 	''						, ''	,	''	,	''		,	''		,	'TI_GRP_ESTUDIO'	,  	6, true , 'ACD' , ''),
(10476, '<SIN INDICAR>'											, 	''						, ''	,	''	,	''		,	''		,	'TI_GRP_ESTUDIO'	,  16, true , 'ACD' , ''),
																																								

																																											
(10510, 'PRESENCIAL OFICINA'									, 	''						, ''	,	''	,	''		,	''		,	'TI_ATENCION'		,   1, true , 'COM' , ''),	--OK_OK
(10511, 'PRESENCIAL DOMICILIARIO'								, 	''						, ''	,	''	,	''		,	''		,	'TI_ATENCION'		,   2, true , 'COM' , ''),
(10512, 'PRESENCIAL LABORAL'									, 	''						, ''	,	''	,	''		,	''		,	'TI_ATENCION'		,   3, true , 'COM' , ''),
(10513, 'PRESENCIAL PUNTO DE VENTA'								, 	''						, ''	,	''	,	''		,	''		,	'TI_ATENCION'		,   4, true , 'COM' , ''),
(10514, 'EVENTOS 1'												, 	''						, ''	,	''	,	''		,	''		,	'TI_ATENCION'		,   5, true , 'COM' , ''),
(10515, 'LLAMADA'												, 	''						, ''	,	''	,	''		,	''		,	'TI_ATENCION'		,  10, true , 'COM' , ''),
(10516, 'MENSAJE DE TEXTO'										, 	''						, ''	,	''	,	''		,	''		,	'TI_ATENCION'		,  10, true , 'COM' , ''),
(10517, 'WHATSAPP'												, 	''						, ''	,	''	,	''		,	''		,	'TI_ATENCION'		,  10, true , 'COM' , ''),
(10518, 'TELEGRAM'												, 	''						, ''	,	''	,	''		,	''		,	'TI_ATENCION'		,  10, true , 'COM' , ''),
(10519, 'FACEBOOK'												, 	''						, ''	,	''	,	''		,	''		,	'TI_ATENCION'		,  10, true , 'COM' , ''),
(10520, 'CORREO'												, 	''						, ''	,	''	,	''		,	''		,	'TI_ATENCION'		,  10, true , 'COM' , ''),
(10521, 'INTRANET'												, 	''						, ''	,	''	,	''		,	''		,	'TI_ATENCION'		,  10, true , 'COM' , ''),
(10522, 'FORMULARIO GOOGLE'										, 	''						, ''	,	''	,	''		,	''		,	'TI_ATENCION'		,  10, true , 'COM' , ''),
(10523, 'FORMULARIO FACEBOOK'									, 	''						, ''	,	''	,	''		,	''		,	'TI_ATENCION'		,  10, true , 'COM' , ''),
(10524, 'FORMULARIO WEB'										, 	''						, ''	,	''	,	''		,	''		,	'TI_ATENCION'		,  10, true , 'COM' , ''),
(10525, 'EVENTOS 2'												, 	''						, ''	,	''	,	''		,	''		,	'TI_ATENCION'		,   6, true , 'COM' , ''),
(10526, 'EVENTOS 3'												, 	''						, ''	,	''	,	''		,	''		,	'TI_ATENCION'		,   7, true , 'COM' , ''),
(10527, 'OTRO MEDIO'											, 	''						, ''	,	''	,	''		,	''		,	'TI_ATENCION'		,  20, true , 'COM' , ''),
(10528, '<NO SE LOGRO CONTACTAR>'								, 	''						, ''	,	''	,	''		,	''		,	'TI_ATENCION'		,  30, true , 'COM' , ''),
			
(10540, 'INICIADO'												, 	''						, ''	,	''	,	''		,	''		,	'TI_EST_MATR'		,  	1, true , 'COM' , ''),
(10541, 'EN PROCESO'											, 	''						, ''	,	''	,	''		,	''		,	'TI_EST_MATR'		,  	2, true , 'COM' , ''),
(10542, 'INSCRITO'												, 	''						, ''	,	''	,	''		,	''		,	'TI_EST_MATR'		,  	3, true , 'COM' , ''),
(10543, 'DESCALIFICADO'											, 	'TI_DESCALI'			, ''	,	''	,	''		,	''		,	'TI_EST_MATR'		,  	4, true , 'COM' , ''), --tipo DE DESCALIFICACIÓN
(10544, 'MATRICULADO'											, 	''						, ''	,	''	,	''		,	''		,	'TI_EST_MATR'		,  	5, true , 'COM' , ''),
(10545, 'ANULADO'												, 	'TI_ANULADO'			, ''	,	''	,	''		,	''		,	'TI_EST_MATR'		,  	6, true , 'COM' , ''), --tipo DE ANULADO
(10546, 'RETIRADO'												, 	'TI_RETIRAD'			, ''	,	''	,	''		,	''		,	'TI_EST_MATR'		,  	7, true , 'COM' , ''), --tipo DE RETIRO
(10547, 'TRASLADADO'											, 	'TI_TRASLAD'			, ''	,	''	,	''		,	''		,	'TI_EST_MATR'		,  	8, true , 'COM' , ''), --tipo DE TRASLADO
(10548, 'TRASLADO Y RESERVA'									, 	'TI_TRASLAD'			, ''	,	''	,	''		,	''		,	'TI_EST_MATR'		,  	9, true , 'COM' , ''), --tipo DE TRASLADO
																																		
(10560, 'NO MUESTRA INTERÉS'									, 	''						, ''	,	''	,	''		,	''		,	'TI_GDO_INTERES'	,  	1, true , 'COM' , ''),
(10561, 'INTERÉS NORMAL'										, 	''						, ''	,	''	,	''		,	''		,	'TI_GDO_INTERES'	,  	2, true , 'COM' , ''),
(10562, 'MUY INTERESADO'										, 	''						, ''	,	''	,	''		,	''		,	'TI_GDO_INTERES'	,  	3, true , 'COM' , ''),
(10563, 'POTENCIAL CLIENTE'										, 	''						, ''	,	''	,	''		,	''		,	'TI_GDO_INTERES'	,  	4, true , 'COM' , ''),
(10564, '<SIN INDICAR>'											, 	''						, ''	,	''	,	''		,	''		,	'TI_GDO_INTERES'	,  	5, true , 'COM' , ''),
																																		
(10570, 'NO CUMPLE CON LA EDAD'									, 	''						, ''	,	''	,	''		,	''		,	'TI_DESCALIFICA'	,  	1, true , 'COM' , ''),	--OK_OK
(10571, 'MOTIVOS ECONÓMICOS'									, 	''						, ''	,	''	,	''		,	''		,	'TI_DESCALIFICA'	,  	1, true , 'COM' , ''),
(10572, 'PROBLEMAS DE CONDUCTA'									, 	''						, ''	,	''	,	''		,	''		,	'TI_DESCALIFICA'	,  	1, true , 'COM' , ''),
(10573, 'MOTIVOS DE SALUD'										, 	''						, ''	,	''	,	''		,	''		,	'TI_DESCALIFICA'	,  	1, true , 'COM' , ''),
(10574, 'MOTIVOS FAMILIARES'									, 	''						, ''	,	''	,	''		,	''		,	'TI_DESCALIFICA'	,  	1, true , 'COM' , ''),
(10575, 'CAMBIÓ DE RESIDENCIA'									, 	''						, ''	,	''	,	''		,	''		,	'TI_DESCALIFICA'	,  	1, true , 'COM' , ''),
(10576, 'PREFIERE OTRA MODALIDAD DE ESTUDIO'					, 	''						, ''	,	''	,	''		,	''		,	'TI_DESCALIFICA'	,  	1, true , 'COM' , ''),
(10577, 'ELIGIÓ OTRA INSTITUCIÓN'								, 	''						, ''	,	''	,	''		,	''		,	'TI_DESCALIFICA'	,  	1, true , 'COM' , ''),
(10578, 'PERDIÓ EL INTERÉS'										, 	''						, ''	,	''	,	''		,	''		,	'TI_DESCALIFICA'	,   1, true , 'COM' , ''),
(10579, 'DESISTIÓ SIN EXPONER MOTIVOS'							, 	''						, ''	,	''	,	''		,	''		,	'TI_DESCALIFICA'	,   1, true , 'COM' , ''),
(10580, 'NO REALIZÓ PAGO ALGUNO'								, 	''						, ''	,	''	,	''		,	''		,	'TI_DESCALIFICA'	,   1, true , 'COM' , ''),
(10581, 'OTROS'													, 	''						, ''	,	''	,	''		,	''		,	'TI_DESCALIFICA'	,  10, true , 'COM' , ''),
																												
(10590, 'PIDIÓ DEVOLUCIÓN DE DINERO'							, 	''						, ''	,	''	,	''		,	''		,	'TI_ANULADO'		,  	1, true , 'COM' , ''),
(10591, 'SE TRASLADÓ ANTES DE INICIAR CLASES'					, 	''						, ''	,	''	,	''		,	''		,	'TI_ANULADO'		,  	2, true , 'COM' , ''),
(10592, 'MATRÍCULA DE PRUEBA'									, 	''						, ''	,	''	,	''		,	''		,	'TI_ANULADO'		,  	3, true , 'COM' , ''),
																																																
(10600, 'VANDALISMO Y/O VIOLENCIA '								, 	''						, ''	,	''	,	''		,	''		,	'TI_RETIRADO'		,  	7, true , 'COM' , ''),
(10601, 'DROGAS'												, 	''						, ''	,	''	,	''		,	''		,	'TI_RETIRADO'		,  	7, true , 'COM' , ''),
(10602, 'ALCOHOL'												, 	''						, ''	,	''	,	''		,	''		,	'TI_RETIRADO'		,  	7, true , 'COM' , ''),
(10603, 'PROBLEMAS DE CONDUCTA'									, 	''						, ''	,	''	,	''		,	''		,	'TI_RETIRADO'		,  	7, true , 'COM' , ''),
(10604, 'PROBLEMAS DE CONDUCTA'									, 	''						, ''	,	''	,	''		,	''		,	'TI_RETIRADO'		,  	7, true , 'COM' , ''),
																																									
(10610, 'MOTIVOS ECONÓMICOS'									, 	''						, ''	,	''	,	''		,	''		,	'TI_TRASLADO'		,  	7, true , 'COM' , ''),
(10611, 'MOTIVOS DE SALUD'										, 	''						, ''	,	''	,	''		,	''		,	'TI_TRASLADO'		,  	7, true , 'COM' , ''),
(10612, 'MOTIVOS FAMILIARES'									, 	''						, ''	,	''	,	''		,	''		,	'TI_TRASLADO'		,  	7, true , 'COM' , ''),
(10613, 'CAMBIO DE RESIDENCIA'									, 	''						, ''	,	''	,	''		,	''		,	'TI_TRASLADO'		,  	7, true , 'COM' , ''),
																																												
(10620, 'PRODUCCIÓN'											, 	'PRD'					, ''	,	''	,	''		,	''		,	'TI_UND_PROD'		,  	1, true , 'COM' , ''),
(10621, 'SERVICIO'												, 	'SER'					, ''	,	''	,	''		,	''		,	'TI_UND_PROD'		,  	2, true , 'COM' , ''),
(10622, 'COMERCIO'												, 	'COM'					, ''	,	''	,	''		,	''		,	'TI_UND_PROD'		,  	3, true , 'COM' , ''),
(10623, 'PROYECTO'												, 	'PRY'					, ''	,	''	,	''		,	''		,	'TI_UND_PROD'		,  	3, true , 'COM' , ''),
(10624, 'COMERCIO Y SERVICIO'									, 	'CSE'					, ''	,	''	,	''		,	''		,	'TI_UND_PROD'		,  	3, true , 'COM' , ''),
(10625, '<SIN INDICAR>'											, 	''						, ''	,	''	,	''		,	''		,	'TI_UND_PROD'		,  	4, true , 'COM' , ''),
																																													
(10630, 'RADIO'													, 	''						, ''	,	''	,	''		,	''		,	'TI_PUBLICIDAD'		,  	1, true , 'COM' , ''),
(10631, 'TELEVISIÓN'											, 	''						, ''	,	''	,	''		,	''		,	'TI_PUBLICIDAD'		,  	1, true , 'COM' , ''),
(10632, 'PERIÓDICO'												, 	''						, ''	,	''	,	''		,	''		,	'TI_PUBLICIDAD'		,  	1, true , 'COM' , ''),
(10633, 'VOLANTES'												, 	''						, ''	,	''	,	''		,	''		,	'TI_PUBLICIDAD'		,  	1, true , 'COM' , ''),
(10634, 'BANNER PUBLICITARIO'									, 	''						, ''	,	''	,	''		,	''		,	'TI_PUBLICIDAD'		,  	1, true , 'COM' , ''),
(10635, 'CINE'													, 	''						, ''	,	''	,	''		,	''		,	'TI_PUBLICIDAD'		,  	1, true , 'COM' , ''),
(10636, 'CORREO'												, 	''						, ''	,	''	,	''		,	''		,	'TI_PUBLICIDAD'		,  	1, true , 'COM' , ''),
(10637, 'GOOGLE'												, 	''						, ''	,	''	,	''		,	''		,	'TI_PUBLICIDAD'		,  	1, true , 'COM' , ''),
(10638, 'YOUTUBE'												, 	''						, ''	,	''	,	''		,	''		,	'TI_PUBLICIDAD'		,  	1, true , 'COM' , ''),
(10639, 'FACEBOOK'												, 	''						, ''	,	''	,	''		,	''		,	'TI_PUBLICIDAD'		,  	1, true , 'COM' , ''),
(10640, 'INSTAGRAM'												, 	''						, ''	,	''	,	''		,	''		,	'TI_PUBLICIDAD'		,  	1, true , 'COM' , ''),
(10641, 'WHATSAPP'												, 	''						, ''	,	''	,	''		,	''		,	'TI_PUBLICIDAD'		,  	1, true , 'COM' , ''),
(10642, 'TELEGRAM'												, 	''						, ''	,	''	,	''		,	''		,	'TI_PUBLICIDAD'		,  	1, true , 'COM' , ''),
(10643, 'TIKTOK'												, 	''						, ''	,	''	,	''		,	''		,	'TI_PUBLICIDAD'		,  	1, true , 'COM' , ''),
(10644, 'VISITA AL COLEGIO'										, 	'' 						, ''	,	''	,	''		,	''		,	'TI_PUBLICIDAD'		,  	1, true , 'COM' , ''),
(10645, 'RECOMENDACIÓN'											, 	''						, ''	,	''	,	''		,	''		,	'TI_PUBLICIDAD'		,  	1, true , 'COM' , ''),
(10646, 'YA ES CLIENTE'											, 	''						, ''	,	''	,	''		,	''		,	'TI_PUBLICIDAD'		,  	1, true , 'COM' , ''),
(10647, 'OTROS'													, 	''						, ''	,	''	,	''		,	''		,	'TI_PUBLICIDAD'		,  	2, true , 'COM' , ''),
						
(10660, 'NUEVO'													, 	''						, ''	,	''	,	''		,	''		,	'TI_INGRESO'		,  	1, true , 'COM' , ''),
(10661, 'RATIFICADO'											, 	''						, ''	,	''	,	''		,	''		,	'TI_INGRESO'		,  	2, true , 'COM' , ''),
(10662, 'REINGRESANTE'											, 	''						, ''	,	''	,	''		,	''		,	'TI_INGRESO'		,  	3, true , 'COM' , ''),
(10663, 'ANTIGUO' 												, 	''						, ''	,	''	,	''		,	''		,	'TI_INGRESO'		,  	4, true , 'COM' , ''),
(10664, '<SIN INDICAR>'											, 	''						, ''	,	''	,	''		,	''		,	'TI_INGRESO'		,  	5, true , 'COM' , ''),
																																					
(10670, 'INGRESANTE'											, 	''						, ''	,	''	,	''		,	''		,	'TI_EVAL_ING'		,  	1, true , 'COM' , ''), --ingreso en base a TI_EVALFIN
(10671, 'PROMOVIDO'												, 	''						, ''	,	''	,	''		,	''		,	'TI_EVAL_ING'		,  	2, true , 'COM' , ''),
(10672, 'REPITENTE'												, 	''						, ''	,	''	,	''		,	''		,	'TI_EVAL_ING'		,  	3, true , 'COM' , ''),
(10673, '<SIN INDICAR>'											, 	''						, ''	,	''	,	''		,	''		,	'TI_EVAL_ING'		,  	4, true , 'COM' , ''),
																																		
(10680, 'SIN DESCUENTOS'										, 	''						, ''	,	''	,	''		,	''		,	'TI_DESCUENTOS'		,  	1, true , 'COM' , ''),
(10681, 'BECA'													, 	''						, ''	,	''	,	''		,	''		,	'TI_DESCUENTOS'		,  	2, true , 'COM' , ''),
(10682, 'BENEFICIOS DIVERSOS'									, 	''						, ''	,	''	,	''		,	''		,	'TI_DESCUENTOS'		,  	3, true , 'COM' , ''),
(10683, 'BONIFICACIONES / REGALOS'								, 	''						, ''	,	''	,	''		,	''		,	'TI_DESCUENTOS'		,  	4, true , 'COM' , ''),
(10684, 'CONVENIOS'												, 	''						, ''	,	''	,	''		,	''		,	'TI_DESCUENTOS'		,  	5, true , 'COM' , ''),
																																		
(10690, 'SIN EVALUAR'											, 	''						, ''	,	''	,	''		,	''		,	'TI_EVAL_FIN'		,  	1, true , 'COM' , ''),
(10691, 'APROBADO'												, 	''						, ''	,	''	,	''		,	''		,	'TI_EVAL_FIN'		,  	2, true , 'COM' , ''),
(10692, 'DESAPROBADO'											, 	''						, ''	,	''	,	''		,	''		,	'TI_EVAL_FIN'		,  	3, true , 'COM' , ''),
(10693, 'REQUIERE RECUPERACION'									, 	''						, ''	,	''	,	''		,	''		,	'TI_EVAL_FIN'		,  	4, true , 'COM' , ''),
(10694, 'INTERRUMPIDO'											, 	''						, ''	,	''	,	''		,	''		,	'TI_EVAL_FIN'		,  	4, true , 'COM' , ''),
(10695, '<SIN INDICAR>'											, 	''						, ''	,	''	,	''		,	''		,	'TI_EVAL_FIN'		,  	4, true , 'COM' , ''),
																																		
(10700, 'PRESENCIAL'											, 	''						, ''	,	''	,	''		,	''		,	'TI_MOD_ESTUDIO'	,  	1, true , 'COM' , ''),
(10701, 'SEMIPRESENCIAL'										, 	''						, ''	,	''	,	''		,	''		,	'TI_MOD_ESTUDIO'	,  	2, true , 'COM' , ''),
(10702, 'VIRTUAL'												, 	''						, ''	,	''	,	''		,	''		,	'TI_MOD_ESTUDIO'	,  	3, true , 'COM' , ''),
(10703, 'POR DEFINIR'											, 	''						, ''	,	''	,	''		,	''		,	'TI_MOD_ESTUDIO'	,  	4, true , 'COM' , ''),
																																		
(10710, 'EDUCACIÓN REGULAR'										, 	''						, ''	,	''	,	''		,	''		,	'TI_INSCR_COL'		,  	1, true , 'COM' , ''),
(10711, 'VACACIONES ÚTILES'										, 	''						, ''	,	''	,	''		,	''		,	'TI_INSCR_COL'		,  	2, true , 'COM' , ''),
(10712, 'EXAMEN DE CLASIFICACIÓN'								, 	''						, ''	,	''	,	''		,	''		,	'TI_INSCR_COL'		,  	3, true , 'COM' , ''),
(10713, 'OTROS'													, 	''						, ''	,	''	,	''		,	''		,	'TI_INSCR_COL'		,  	4, true , 'COM' , ''),
																																		
(10720, 'CICLO REGULAR'											, 	''						, ''	,	''	,	''		,	''		,	'TI_INSCR_ACA'		,  	2, true , 'COM' , ''),
(10721, 'CICLO REPASO'											, 	''						, ''	,	''	,	''		,	''		,	'TI_INSCR_ACA'		,  	3, true , 'COM' , ''),
(10722, 'EXAMEN DE BECAS'										, 	''						, ''	,	''	,	''		,	''		,	'TI_INSCR_ACA'		,  	1, true , 'COM' , ''),
(10723, 'OTROS'													, 	''						, ''	,	''	,	''		,	''		,	'TI_INSCR_ACA'		,  	4, true , 'COM' , ''),
						
(10730, 'BOBINAS'												, 	'4A'					, ''	,	''	,	''		,	''		,	'TI_UND_MED'		,  	3, true , 'COM' , ''),
(10731, 'BALDE'													, 	'BJ'					, ''	,	''	,	''		,	''		,	'TI_UND_MED'		,  	3, true , 'COM' , ''),
(10732, 'BARRILES'												, 	'BLL'					, ''	,	''	,	''		,	''		,	'TI_UND_MED'		,  	3, true , 'COM' , ''),
(10733, 'BOLSA'													, 	'BG'					, ''	,	''	,	''		,	''		,	'TI_UND_MED'		,  	3, true , 'COM' , ''),
(10734, 'BOTELLAS'												, 	'BO'					, ''	,	''	,	''		,	''		,	'TI_UND_MED'		,  	3, true , 'COM' , ''),
(10735, 'CAJA'													, 	'BX'					, ''	,	''	,	''		,	''		,	'TI_UND_MED'		,  	3, true , 'COM' , ''),
(10736, 'CARTONES'												, 	'CT'					, ''	,	''	,	''		,	''		,	'TI_UND_MED'		,  	3, true , 'COM' , ''),
(10737, 'CENTIMETRO CUADRADO'									, 	'CMK'					, ''	,	''	,	''		,	''		,	'TI_UND_MED'		,  	3, false, 'COM' , ''),
(10738, 'CENTIMETRO CUBICO'										, 	'CMQ'					, ''	,	''	,	''		,	''		,	'TI_UND_MED'		,  	3, false, 'COM' , ''),
(10739, 'CENTIMETRO LINEAL'										, 	'CMT'					, ''	,	''	,	''		,	''		,	'TI_UND_MED'		,  	3, false, 'COM' , ''),
(10740, 'CIENTO DE UNIDADES'									, 	'CEN'					, ''	,	''	,	''		,	''		,	'TI_UND_MED'		,  	3, true , 'COM' , ''),
(10741, 'CILINDRO'												, 	'CY'					, ''	,	''	,	''		,	''		,	'TI_UND_MED'		,  	3, true , 'COM' , ''),
(10742, 'CONOS'													, 	'CJ'					, ''	,	''	,	''		,	''		,	'TI_UND_MED'		,  	3, true , 'COM' , ''),
(10743, 'DOCENA'												, 	'DZN'					, ''	,	''	,	''		,	''		,	'TI_UND_MED'		,  	3, true , 'COM' , ''),
(10744, 'DOCENA POR 10**6'										, 	'DZP'					, ''	,	''	,	''		,	''		,	'TI_UND_MED'		,  	3, false, 'COM' , ''),
(10745, 'FARDO'													, 	'BE'					, ''	,	''	,	''		,	''		,	'TI_UND_MED'		,  	3, true , 'COM' , ''),
(10746, 'GALON INGLES(4,545956L)'								, 	'GLI'					, ''	,	''	,	''		,	''		,	'TI_UND_MED'		,  	3, false, 'COM' , ''),
(10747, 'GRAMO'													, 	'GRM'					, ''	,	''	,	''		,	''		,	'TI_UND_MED'		,  	3, true , 'COM' , ''),
(10748, 'GRUESA'												,	'GRO'					, ''	,	''	,	''		,	''		,	'TI_UND_MED'		,  	3, false, 'COM' , ''),
(10749, 'HECTOLITRO'											, 	'HLT'					, ''	,	''	,	''		,	''		,	'TI_UND_MED'		,  	3, true , 'COM' , ''),
(10750, 'HOJA'													, 	'LEF'					, ''	,	''	,	''		,	''		,	'TI_UND_MED'		,  	3, true , 'COM' , ''),
(10751, 'JUEGO'													, 	'SET'					, ''	,	''	,	''		,	''		,	'TI_UND_MED'		,  	3, true , 'COM' , ''),
(10752, 'KILOGRAMO'												, 	'KGM'					, ''	,	''	,	''		,	''		,	'TI_UND_MED'		,  	3, true , 'COM' , ''),
(10753, 'KILOMETRO'												, 	'KTM'					, ''	,	''	,	''		,	''		,	'TI_UND_MED'		,  	3, true , 'COM' , ''),
(10754, 'KILOVATIO HORA'										, 	'KWH'					, ''	,	''	,	''		,	''		,	'TI_UND_MED'		,  	3, true , 'COM' , ''),
(10755, 'KIT'													, 	'KT'					, ''	,	''	,	''		,	''		,	'TI_UND_MED'		,  	3, true , 'COM' , ''),
(10756, 'LATAS'													, 	'CA'					, ''	,	''	,	''		,	''		,	'TI_UND_MED'		,  	3, true , 'COM' , ''),
(10757, 'LIBRAS'												, 	'LBR'					, ''	,	''	,	''		,	''		,	'TI_UND_MED'		,  	3, true , 'COM' , ''),
(10758, 'LITRO'													, 	'LTR'					, ''	,	''	,	''		,	''		,	'TI_UND_MED'		,  	3, true , 'COM' , ''),
(10759, 'MEGAWATT HORA'											, 	'MWH'					, ''	,	''	,	''		,	''		,	'TI_UND_MED'		,  	3, true , 'COM' , ''),
(10760, 'METRO'													, 	'MTR'					, ''	,	''	,	''		,	''		,	'TI_UND_MED'		,  	3, true , 'COM' , ''),
(10761, 'METRO CUADRADO'										, 	'MTK'					, ''	,	''	,	''		,	''		,	'TI_UND_MED'		,  	3, true , 'COM' , ''),
(10762, 'METRO CUBICO'											, 	'MTQ'					, ''	,	''	,	''		,	''		,	'TI_UND_MED'		,  	3, true , 'COM' , ''),
(10763, 'MILIGRAMOS'											, 	'MGM'					, ''	,	''	,	''		,	''		,	'TI_UND_MED'		,  	3, true , 'COM' , ''),
(10764, 'MILILITRO'												, 	'MLT'					, ''	,	''	,	''		,	''		,	'TI_UND_MED'		,  	3, true , 'COM' , ''),
(10765, 'MILIMETRO'												, 	'MMT'					, ''	,	''	,	''		,	''		,	'TI_UND_MED'		,  	3, true , 'COM' , ''),
(10766, 'MILIMETRO CUADRADO'									, 	'MMK'					, ''	,	''	,	''		,	''		,	'TI_UND_MED'		,  	3, true , 'COM' , ''),
(10767, 'MILIMETRO CUBICO'										, 	'MMQ'					, ''	,	''	,	''		,	''		,	'TI_UND_MED'		,  	3, true , 'COM' , ''),
(10768, 'MILLARES'												, 	'MLL'					, ''	,	''	,	''		,	''		,	'TI_UND_MED'		,  	3, true , 'COM' , ''),
(10769, 'MILLON DE UNIDADES'									, 	'UM'					, ''	,	''	,	''		,	''		,	'TI_UND_MED'		,  	3, true , 'COM' , ''),
(10770, 'ONZAS'													, 	'ONZ'					, ''	,	''	,	''		,	''		,	'TI_UND_MED'		,  	3, true , 'COM' , ''),
(10771, 'PALETAS'												, 	'PF'					, ''	,	''	,	''		,	''		,	'TI_UND_MED'		,  	3, true , 'COM' , ''),
(10772, 'PAQUETE'												, 	'PK'					, ''	,	''	,	''		,	''		,	'TI_UND_MED'		,  	3, true , 'COM' , ''),
(10773, 'PAR'													, 	'PR'					, ''	,	''	,	''		,	''		,	'TI_UND_MED'		,  	3, true , 'COM' , ''),
(10774, 'PIES'													, 	'FOT'					, ''	,	''	,	''		,	''		,	'TI_UND_MED'		,  	3, true , 'COM' , ''),
(10775, 'PIES CUADRADOS'										, 	'FTK'					, ''	,	''	,	''		,	''		,	'TI_UND_MED'		,  	3, true , 'COM' , ''),
(10776, 'PIES CUBICOS'											, 	'FTQ'					, ''	,	''	,	''		,	''		,	'TI_UND_MED'		,  	3, true , 'COM' , ''),
(10777, 'PIEZAS'												, 	'C62'					, ''	,	''	,	''		,	''		,	'TI_UND_MED'		,  	3, true , 'COM' , ''),
(10778, 'PLACAS'												, 	'PG'					, ''	,	''	,	''		,	''		,	'TI_UND_MED'		,  	3, true , 'COM' , ''),
(10779, 'PLIEGO'												, 	'ST'					, ''	,	''	,	''		,	''		,	'TI_UND_MED'		,  	3, true , 'COM' , ''),
(10780, 'PULGADAS'												, 	'INH'					, ''	,	''	,	''		,	''		,	'TI_UND_MED'		,  	3, true , 'COM' , ''),
(10781, 'RESMA'													, 	'RM'					, ''	,	''	,	''		,	''		,	'TI_UND_MED'		,  	3, true , 'COM' , ''),
(10782, 'TAMBOR'												, 	'DR'					, ''	,	''	,	''		,	''		,	'TI_UND_MED'		,  	3, true , 'COM' , ''),
(10783, 'TONELADA CORTA'										, 	'STN'					, ''	,	''	,	''		,	''		,	'TI_UND_MED'		,  	3, true , 'COM' , ''),
(10784, 'TONELADA LARGA'										, 	'LTN'					, ''	,	''	,	''		,	''		,	'TI_UND_MED'		,  	3, true , 'COM' , ''),
(10785, 'TONELADAS'												, 	'TNE'					, ''	,	''	,	''		,	''		,	'TI_UND_MED'		,  	3, true , 'COM' , ''),
(10786, 'TUBOS'													, 	'TU'					, ''	,	''	,	''		,	''		,	'TI_UND_MED'		,  	3, true , 'COM' , ''),
(10787, 'UNIDAD (BIENES)'										, 	'NIU'					, ''	,	''	,	''		,	''		,	'TI_UND_MED'		,  	1, true , 'COM' , ''),
(10788, 'UNIDAD (SERVICIOS)'									, 	'ZZ'					, ''	,	''	,	''		,	''		,	'TI_UND_MED'		,  	2, true , 'COM' , ''),
(10789, 'US GALON(3,7843L)'										, 	'GLL'					, ''	,	''	,	''		,	''		,	'TI_UND_MED'		,  	3, true , 'COM' , ''),
(10790, 'YARDA'													, 	'YRD'					, ''	,	''	,	''		,	''		,	'TI_UND_MED'		,  	3, true , 'COM' , ''),
(10791, 'YARDA CUADRADA'										, 	'YDK'					, ''	,	''	,	''		,	''		,	'TI_UND_MED'		,  	3, true , 'COM' , ''),
																																		
(10810, 'SOL'													, 	'PEN'					, 'S/'	,	''	,	''		,	''		,	'TI_MONEDAS'		,  	1, true , 'COM' , ''),
(10811, 'DOLAR AMERICANO'										, 	'USD'					, '$'	,	''	,	''		,	''		,	'TI_MONEDAS'		,  	2, true , 'COM' , ''),
(10812, 'EURO'													, 	'EUR'					, '€'	,	''	,	''		,	''		,	'TI_MONEDAS'		,  	3, true , 'COM' , ''),
(10813, '<A ESCOGER>'											, 	''						, ''	,	''	,	''		,	''		,	'TI_MONEDAS'		,  	9, true , 'COM' , ''),
																																		
(90001, 'GRUPO YUPANA STUDIO'									, 	'YUPSTU'				, ''	,	''	,	''		,	''		,	'TI_GRP_EMPRESA'	, 	0, true , 'GEN' , ''), --ESTOS SE QUITARIA E IRIA SU SIGLA NOMAS
(90002, 'GRUPO SJB HUANCAYO'									, 	'SJBHYO'				, ''	,	''	,	''		,	''		,	'TI_GRP_EMPRESA'	, 	0, true , 'GEN' , ''),
(90003, 'GRUPO MIGUEL SALAZAR'									, 	'MIGSAL'				, ''	,	''	,	''		,	''		,	'TI_GRP_EMPRESA'	, 	0, true , 'GEN' , ''); 
*/




----------------------------------------------------------------------------------------------------------------------------------------
--empresa---------------------------------------------------------------------------------------------------------------------------
----------------------------------------------------------------------------------------------------------------------------------------
DROP TABLE IF EXISTS empresa; 
CREATE TABLE empresa (
	id_empresa			serial			NOT NULL PRIMARY KEY,
	grupo_emp			varchar(25)		NOT NULL,
	nom_empresa	 		varchar(100)	NOT NULL,
	nom_comercial		varchar(100)	NOT NULL,
	direccion			varchar(100)	NOT NULL,
	telefonos			varchar(100)	NOT NULL,
	ruc					varchar(11)		NOT NULL,
	sunat_usu			varchar(50)		NOT NULL,
	sunat_pwd			varchar(50)		NOT NULL,
	premium				bool			NOT NULL,
	activo				bool			NOT NULL,
	solo_lectura		bool			NOT NULL,
	id_tipo_empresa		int				NOT NULL,
	dominio				varchar(50)		NOT NULL,
	dominio_mail		varchar(50)		NOT NULL,		
	CONSTRAINT empresa_id_tipo_empresa_fkey FOREIGN KEY (id_tipo_empresa) REFERENCES tipo(id_tipo) MATCH SIMPLE ON UPDATE NO ACTION ON DELETE NO ACTION	
);
--
ALTER SEQUENCE empresa_id_empresa_seq RESTART WITH 1010;
--
COMMENT ON TABLE empresa IS 'Empresas que utilizan este sistema.'; 
COMMENT ON COLUMN empresa.id_empresa IS 'Identificador de empresa.';
COMMENT ON COLUMN empresa.grupo_emp IS 'Grupo empresarial.';
COMMENT ON COLUMN empresa.nom_empresa IS 'Nombre oficial según SUNAT.';
COMMENT ON COLUMN empresa.nom_comercial IS 'Nombre comercial o alias.';
COMMENT ON COLUMN empresa.direccion IS 'Dirección fiscal.';
COMMENT ON COLUMN empresa.telefonos IS 'Teléfonos.';
COMMENT ON COLUMN empresa.ruc IS 'Número de RUC.';
COMMENT ON COLUMN empresa.sunat_usu IS 'Usuario SOL para los comprobantes electrónicos.';
COMMENT ON COLUMN empresa.sunat_pwd IS 'Contraseña SOL para los comprobantes electrónicos.';
COMMENT ON COLUMN empresa.premium IS 'Indica si la empresa contará con opciones premium.';
COMMENT ON COLUMN empresa.activo IS 'Indica si la empresa está activo o vigente.';
COMMENT ON COLUMN empresa.solo_lectura IS 'Indica sí sólo podrá visualizar y no guardar cambios. Ej. Hasta 1 meses despues de baja.';
COMMENT ON COLUMN empresa.id_tipo_empresa IS 'Identificador del rubro de negocio de la empresa [TI_EMPRESA].';
COMMENT ON COLUMN empresa.dominio IS 'Dominio de internet.';
COMMENT ON COLUMN empresa.dominio_mail IS 'Dominio del correo que utilizan.';
--
INSERT INTO empresa (id_empresa, grupo_emp, nom_empresa, nom_comercial, direccion, telefonos, ruc, sunat_usu, sunat_pwd, premium, activo, solo_lectura, id_tipo_empresa, dominio, dominio_mail)
VALUES 
(1001,  'YUPANA'	, 'YUPANA STUDIO E.I.R.L.'							, 'POLARISS' 								, 'JR. SANTA ISABEL NRO. 2065 - URB. MIRAFLORES, EL TAMBO, HUANCAYO', ''												, '20603133111', '', '' , true , true , false, 95000, ''					, ''					),
(1002,  'SALOAYZA' 	, 'YHA GIBU TAMMY GERALDINI'						, 'BAZAR LIBRERÍA GERALDINE'   				, 'JR. CUZCO NRO. 793 - HUANCAYO'									, '' 												, '10078230849', '', '' , true , true , false, 95000, ''					, ''					),
(1003,  'SALOAYZA'	, 'SALAZAR LOAYZA MIGUEL ANGEL'						, 'MI MUNDO DE LOS LIBROS'     				, 'JR. FRANCISCO SOLANO NRO. 142 - URB. SAN CARLOS, HUANCAYO'		, ''												, '10078268129', '', '' , true , true , false, 95000, ''					, ''					),
(1004,  'SJBCORP'	, 'CORPORACION EDUCATIVA SAN JUAN BOSCO S.A.C.'		, 'COLEGIO PARTICULAR SAN JUAN BOSCO'		, 'JR. CUZCO NRO. 779 - HUANCAYO'									, 'Tel. +51 064 233 789 | WhatsApp +51 971 036 002'	, '20133746278', '', '' , true , true , false, 95001, 'sanjuanbosco.edu.pe' , '@sanjuanbosco.edu.pe'),
(1005,  'SJBCORP'	, 'CORPORACION EDUCATIVA SAN JUAN BOSCO S.A.C.'		, 'ACADEMIA PREUNIVERSITARIA SAN FERNANDO' 	, 'JR. CUZCO NRO. 779 - HUANCAYO'									, 'WhatsApp +51 971 036 002'						, '20133746278', '', '' , true , true , false, 95002, 'sanfernando.edu.pe'	, '@sanjuanbosco.edu.pe'),
(1006,  'SJBCORP'	, 'CORPORACION EDUCATIVA SAN JUAN BOSCO S.A.C.'		, 'POLIDEPORTIVO SAN JUAN BOSCO' 			, 'JR. CUZCO NRO. 779 - HUANCAYO'									, 'WhatsApp +51 971 036 002' 						, '20133746278', '', '' , true , true , false, 95000, ''					, '@sanjuanbosco.edu.pe'),
(1007,  'CAAS'		, 'CASS - CAFÉ PASTELERIA S.A.C.'					, 'CASS - CAFÉ PASTELERIA' 					, 'JR. AMAZONITAS NRO. 221 - COOP. 1RO DE MAYO, EL TAMBO, HUANCAYO'	, 'WhatsApp +51 940 372 081'						, '20611899964', '', '' , true , true , false, 95000, ''					, ''					),
(1008,  'SABAL'		, 'GRUPO SABAL S.A.C.'								, 'CENTRO MÉDICO CASA DEL NIÑO Y LA MADRE' 	, 'JR. MOQUEGUA NRO. 235 - HUANCAYO'								, ''												, '20605817123', '', '' , false, true , true , 95003, ''					, ''					),
(1009,  'LOSANDES'	, 'CAJA RURAL DE AHORRO Y CREDITO LOS ANDES S.A.' 	, 'CAJA LOS ANDES' 							, 'JR. JUNIN NRO. 129 - PUNO'										, ''												, '20322445564', '', '' , true , true , true , 95004, ''					, ''					);






----------------------------------------------------------------------------------------------------------------------------------------
--var_global------------------------------------------------------------------------------------------------------------------------
----------------------------------------------------------------------------------------------------------------------------------------
DROP TABLE IF EXISTS var_global;
CREATE TABLE var_global (
	id_var_gb		serial			NOT NULL PRIMARY KEY,
	id_empresa		int				NOT NULL,	
	id_sistema		char(3)			NOT NULL,
	nom_var_gb		varchar(25)		NOT NULL,
	valor			varchar(100)	NOT NULL,
	descripcion		varchar(100)	NOT NULL,		
	CONSTRAINT var_global_id_empresa_fkey FOREIGN KEY (id_empresa) REFERENCES empresa(id_empresa) MATCH SIMPLE ON UPDATE NO ACTION ON DELETE NO ACTION	
);
--
COMMENT ON TABLE var_global IS 'Variables globales. Se repite por cada empresa.'; 
COMMENT ON COLUMN var_global.id_var_gb IS 'Identificador de la variable global.';
COMMENT ON COLUMN var_global.id_empresa IS 'Identificador de empresa [empresa].';
COMMENT ON COLUMN var_global.id_sistema IS 'Identificador del sistema [sistema].';
COMMENT ON COLUMN var_global.nom_var_gb IS 'Nombre de la variable global. No modificar!';
COMMENT ON COLUMN var_global.valor IS 'Valor en formato de texto. En la aplicación se tendrá que convertir adecuadamente.';
COMMENT ON COLUMN var_global.descripcion IS 'Descripción de la variable global.';
--
INSERT INTO var_global (id_empresa, id_sistema, nom_var_gb, valor, descripcion) 
VALUES 

(1001	, 'ADM',  'MinCarFind'			, '5'													, 'Mínimo de caracteres para búsqueda'											),
(1002	, 'ADM',  'MinCarFind'			, '5'													, 'Mínimo de caracteres para búsqueda'											),
(1003	, 'ADM',  'MinCarFind'			, '5'													, 'Mínimo de caracteres para búsqueda'											),
(1004	, 'ADM',  'MinCarFind'			, '5'													, 'Mínimo de caracteres para búsqueda'											),
(1005	, 'ADM',  'MinCarFind'			, '5'													, 'Mínimo de caracteres para búsqueda'											),
(1006	, 'ADM',  'MinCarFind'			, '5'													, 'Mínimo de caracteres para búsqueda'											),
(1007	, 'ADM',  'MinCarFind'			, '5'													, 'Mínimo de caracteres para búsqueda'											),
(1008	, 'ADM',  'MinCarFind'			, '5'													, 'Mínimo de caracteres para búsqueda'											),
(1009	, 'ADM',  'MinCarFind'			, '5'													, 'Mínimo de caracteres para búsqueda'											),
					
(1001	, 'ADM',  'MinCarInput'			, '5'													, 'Mínimo de caracteres para ingresar texto'									),
(1002	, 'ADM',  'MinCarInput'			, '5'													, 'Mínimo de caracteres para ingresar texto'									),
(1003	, 'ADM',  'MinCarInput'			, '5'													, 'Mínimo de caracteres para ingresar texto'									),
(1004	, 'ADM',  'MinCarInput'			, '5'													, 'Mínimo de caracteres para ingresar texto'									),
(1005	, 'ADM',  'MinCarInput'			, '5'													, 'Mínimo de caracteres para ingresar texto'									),
(1006	, 'ADM',  'MinCarInput'			, '5'													, 'Mínimo de caracteres para ingresar texto'									),
(1007	, 'ADM',  'MinCarInput'			, '5'													, 'Mínimo de caracteres para ingresar texto'									),
(1008	, 'ADM',  'MinCarInput'			, '5'													, 'Mínimo de caracteres para ingresar texto'									),
(1009	, 'ADM',  'MinCarInput'			, '5'													, 'Mínimo de caracteres para ingresar texto'									)																												,
					
(1001	, 'ADM',  'MinCarNoms'			, '4'													, 'Mínimo de caracteres para ingresar nombres'									),
(1002	, 'ADM',  'MinCarNoms'			, '4'													, 'Mínimo de caracteres para ingresar nombres'									),
(1003	, 'ADM',  'MinCarNoms'			, '4'													, 'Mínimo de caracteres para ingresar nombres'									),
(1004	, 'ADM',  'MinCarNoms'			, '4'													, 'Mínimo de caracteres para ingresar nombres'									),
(1005	, 'ADM',  'MinCarNoms'			, '4'													, 'Mínimo de caracteres para ingresar nombres'									),
(1006	, 'ADM',  'MinCarNoms'			, '4'													, 'Mínimo de caracteres para ingresar nombres'									),
(1007	, 'ADM',  'MinCarNoms'			, '4'													, 'Mínimo de caracteres para ingresar nombres'									),
(1008	, 'ADM',  'MinCarNoms'			, '4'													, 'Mínimo de caracteres para ingresar nombres'									),
(1009	, 'ADM',  'MinCarNoms'			, '4'													, 'Mínimo de caracteres para ingresar nombres'									),
									
(1001	, 'ADM',  'MinCarApes'			, '4'													, 'Mínimo de caracteres para ingresar apellidos'								),
(1002	, 'ADM',  'MinCarApes'			, '4'													, 'Mínimo de caracteres para ingresar apellidos'								),
(1003	, 'ADM',  'MinCarApes'			, '4'													, 'Mínimo de caracteres para ingresar apellidos'								),
(1004	, 'ADM',  'MinCarApes'			, '4'													, 'Mínimo de caracteres para ingresar apellidos'								),
(1005	, 'ADM',  'MinCarApes'			, '4'													, 'Mínimo de caracteres para ingresar apellidos'								),
(1006	, 'ADM',  'MinCarApes'			, '4'													, 'Mínimo de caracteres para ingresar apellidos'								),
(1007	, 'ADM',  'MinCarApes'			, '4'													, 'Mínimo de caracteres para ingresar apellidos'								),
(1008	, 'ADM',  'MinCarApes'			, '4'													, 'Mínimo de caracteres para ingresar apellidos'								),
(1009	, 'ADM',  'MinCarApes'			, '4'													, 'Mínimo de caracteres para ingresar apellidos'								),
					
(1001	, 'ADM',  'NomsCorrido'			, 'true'												, 'True. Exige que los nombre se escriban en un solo campo/columna.'			),
(1002	, 'ADM',  'NomsCorrido'			, 'true'												, 'True. Exige que los nombre se escriban en un solo campo/columna.'			),
(1003	, 'ADM',  'NomsCorrido'			, 'true'												, 'True. Exige que los nombre se escriban en un solo campo/columna.'			),
(1004	, 'ADM',  'NomsCorrido'			, 'false'												, 'True. Exige que los nombre se escriban en un solo campo/columna.'			),
(1005	, 'ADM',  'NomsCorrido'			, 'false'												, 'True. Exige que los nombre se escriban en un solo campo/columna.'			),
(1006	, 'ADM',  'NomsCorrido'			, 'true'												, 'True. Exige que los nombre se escriban en un solo campo/columna.'			),
(1007	, 'ADM',  'NomsCorrido'			, 'true'												, 'True. Exige que los nombre se escriban en un solo campo/columna.'			),
(1008	, 'ADM',  'NomsCorrido'			, 'false'												, 'True. Exige que los nombre se escriban en un solo campo/columna.'			),
(1009	, 'ADM',  'NomsCorrido'			, 'false'												, 'True. Exige que los nombre se escriban en un solo campo/columna.'			),
					
(1001	, 'ADM',  'DirsCorrido'			, 'true'												, 'True. Exige que la dirección se escriba en un solo campo/columna'			),
(1002	, 'ADM',  'DirsCorrido'			, 'true'												, 'True. Exige que la dirección se escriba en un solo campo/columna'			),
(1003	, 'ADM',  'DirsCorrido'			, 'true'												, 'True. Exige que la dirección se escriba en un solo campo/columna'			),
(1004	, 'ADM',  'DirsCorrido'			, 'false'												, 'True. Exige que la dirección se escriba en un solo campo/columna'			),
(1005	, 'ADM',  'DirsCorrido'			, 'false'												, 'True. Exige que la dirección se escriba en un solo campo/columna'			),
(1006	, 'ADM',  'DirsCorrido'			, 'true'												, 'True. Exige que la dirección se escriba en un solo campo/columna'			),
(1007	, 'ADM',  'DirsCorrido'			, 'true'												, 'True. Exige que la dirección se escriba en un solo campo/columna'			),
(1008	, 'ADM',  'DirsCorrido'			, 'true'												, 'True. Exige que la dirección se escriba en un solo campo/columna'			),
(1009	, 'ADM',  'DirsCorrido'			, 'false'												, 'True. Exige que la dirección se escriba en un solo campo/columna'			),
					
(1001	, 'ADM',  'FindPersona'			, 'NDOC'												, 'NDOC = Búsqueda por Doc. Identidad. NOMS=Búsqueda por nombres'				),
(1002	, 'ADM',  'FindPersona'			, 'NDOC'												, 'NDOC = Búsqueda por Doc. Identidad. NOMS=Búsqueda por nombres'				),
(1003	, 'ADM',  'FindPersona'			, 'NDOC'												, 'NDOC = Búsqueda por Doc. Identidad. NOMS=Búsqueda por nombres'				),
(1004	, 'ADM',  'FindPersona'			, 'NOMS'												, 'NDOC = Búsqueda por Doc. Identidad. NOMS=Búsqueda por nombres'				),
(1005	, 'ADM',  'FindPersona'			, 'NOMS'												, 'NDOC = Búsqueda por Doc. Identidad. NOMS=Búsqueda por nombres'				),
(1006	, 'ADM',  'FindPersona'			, 'NOMS'												, 'NDOC = Búsqueda por Doc. Identidad. NOMS=Búsqueda por nombres'				),
(1007	, 'ADM',  'FindPersona'			, 'NDOC'												, 'NDOC = Búsqueda por Doc. Identidad. NOMS=Búsqueda por nombres'				),
(1008	, 'ADM',  'FindPersona'			, 'NDOC'												, 'NDOC = Búsqueda por Doc. Identidad. NOMS=Búsqueda por nombres'				),
(1009	, 'ADM',  'FindPersona'			, 'NDOC'												, 'NDOC = Búsqueda por Doc. Identidad. NOMS=Búsqueda por nombres'				),
					
(1001	, 'ADM',  'HorasCambio'			, '3'													, 'Cantidad de horas permitidas para una fecha cambiada.'						),
(1002	, 'ADM',  'HorasCambio'			, '3'													, 'Cantidad de horas permitidas para una fecha cambiada.'						),
(1003	, 'ADM',  'HorasCambio'			, '3'													, 'Cantidad de horas permitidas para una fecha cambiada.'						),
(1004	, 'ADM',  'HorasCambio'			, '3'													, 'Cantidad de horas permitidas para una fecha cambiada.'						),
(1005	, 'ADM',  'HorasCambio'			, '3'													, 'Cantidad de horas permitidas para una fecha cambiada.'						),
(1006	, 'ADM',  'HorasCambio'			, '3'													, 'Cantidad de horas permitidas para una fecha cambiada.'						),
(1007	, 'ADM',  'HorasCambio'			, '3'													, 'Cantidad de horas permitidas para una fecha cambiada.'						),
(1008	, 'ADM',  'HorasCambio'			, '3'													, 'Cantidad de horas permitidas para una fecha cambiada.'						),
(1009	, 'ADM',  'HorasCambio'			, '3'													, 'Cantidad de horas permitidas para una fecha cambiada.'						),
		
(1001	, 'ADM',  'UrlFotoTrab'			, 'https://polariss.net.pe/sjbcorp/'					, 'Ruta para la foto del trabajador'	    									),
(1002	, 'ADM',  'UrlFotoTrab'			, 'https://polariss.net.pe/sjbcorp/'					, 'Ruta para la foto del trabajador'											),
(1003	, 'ADM',  'UrlFotoTrab'			, 'https://polariss.net.pe/sjbcorp/'					, 'Ruta para la foto del trabajador'											),
(1004	, 'ADM',  'UrlFotoTrab'			, 'https://polariss.net.pe/sjbcorp/'					, 'Ruta para la foto del trabajador'											),
(1005	, 'ADM',  'UrlFotoTrab'			, 'https://polariss.net.pe/sjbcorp/'					, 'Ruta para la foto del trabajador'											),
(1006	, 'ADM',  'UrlFotoTrab'			, 'https://polariss.net.pe/sjbcorp/'					, 'Ruta para la foto del trabajador'											),
(1007	, 'ADM',  'UrlFotoTrab'			, 'https://polariss.net.pe/sjbcorp/'					, 'Ruta para la foto del trabajador'											),
(1008	, 'ADM',  'UrlFotoTrab'			, 'https://polariss.net.pe/sjbcorp/'					, 'Ruta para la foto del trabajador'											),
(1009	, 'ADM',  'UrlFotoTrab'			, 'https://polariss.net.pe/sjbcorp/'					, 'Ruta para la foto del trabajador'											),
		
(1001	, 'ADM',  'ReqUsuIsTrab'		, 'true'												, 'Requiere que usuario este registrado previamente como trabajador'			),
(1002	, 'ADM',  'ReqUsuIsTrab'		, 'true'												, 'Requerir que usuario este registrado previamente como trabajador'			),
(1003	, 'ADM',  'ReqUsuIsTrab'		, 'true'												, 'Requerir que usuario este registrado previamente como trabajador'			),
(1004	, 'ADM',  'ReqUsuIsTrab'		, 'true'												, 'Requerir que usuario este registrado previamente como trabajador'			),
(1005	, 'ADM',  'ReqUsuIsTrab'		, 'true'												, 'Requerir que usuario este registrado previamente como trabajador'			),
(1006	, 'ADM',  'ReqUsuIsTrab'		, 'true'												, 'Requerir que usuario este registrado previamente como trabajador'			),
(1007	, 'ADM',  'ReqUsuIsTrab'		, 'true'												, 'Requerir que usuario este registrado previamente como trabajador'			),
(1008	, 'ADM',  'ReqUsuIsTrab'		, 'true'												, 'Requerir que usuario este registrado previamente como trabajador'			),
(1009	, 'ADM',  'ReqUsuIsTrab'		, 'true'												, 'Requerir que usuario este registrado previamente como trabajador'			),

(1001	, 'ADM',  'ReqUsuIsFam' 		, 'true'												, 'Requiere que usuario este registrado previamente como familiar (colegio)'	),
(1002	, 'ADM',  'ReqUsuIsFam' 		, 'true'												, 'Requerir que usuario este registrado previamente como familiar (colegio)'	),
(1003	, 'ADM',  'ReqUsuIsFam' 		, 'true'												, 'Requerir que usuario este registrado previamente como familiar (colegio)'	),
(1004	, 'ADM',  'ReqUsuIsFam' 		, 'true'												, 'Requerir que usuario este registrado previamente como familiar (colegio)'	),
(1005	, 'ADM',  'ReqUsuIsFam' 		, 'true'												, 'Requerir que usuario este registrado previamente como familiar (colegio)'	),
(1006	, 'ADM',  'ReqUsuIsFam' 		, 'true'												, 'Requerir que usuario este registrado previamente como familiar (colegio)'	),
(1007	, 'ADM',  'ReqUsuIsFam' 		, 'true'												, 'Requerir que usuario este registrado previamente como familiar (colegio)'	),
(1008	, 'ADM',  'ReqUsuIsFam' 		, 'true'												, 'Requerir que usuario este registrado previamente como familiar (colegio)'	),
(1009	, 'ADM',  'ReqUsuIsFam' 		, 'true'												, 'Requerir que usuario este registrado previamente como familiar (colegio)'	),
																																												
(1001	, 'ADM',  'ReqUsuIsAlu' 		, 'true'												, 'Requiere que usuario este registrado previamente como estudiante (academia)'	),
(1002	, 'ADM',  'ReqUsuIsAlu' 		, 'true'												, 'Requerir que usuario este registrado previamente como estudiante (academia)'	),
(1003	, 'ADM',  'ReqUsuIsAlu' 		, 'true'												, 'Requerir que usuario este registrado previamente como estudiante (academia)'	),
(1004	, 'ADM',  'ReqUsuIsAlu' 		, 'true'												, 'Requerir que usuario este registrado previamente como estudiante (academia)'	),
(1005	, 'ADM',  'ReqUsuIsAlu' 		, 'true'												, 'Requerir que usuario este registrado previamente como estudiante (academia)'	),
(1006	, 'ADM',  'ReqUsuIsAlu' 		, 'true'												, 'Requerir que usuario este registrado previamente como estudiante (academia)'	),
(1007	, 'ADM',  'ReqUsuIsAlu' 		, 'true'												, 'Requerir que usuario este registrado previamente como estudiante (academia)'	),
(1008	, 'ADM',  'ReqUsuIsAlu' 		, 'true'												, 'Requerir que usuario este registrado previamente como estudiante (academia)'	),
(1009	, 'ADM',  'ReqUsuIsAlu' 		, 'true'												, 'Requerir que usuario este registrado previamente como estudiante (academia)'	),




(1001	, 'COM',  'MultiCampania'		, 'false'												, 'Sí se manejará múltiples campañas. Historial de precios .'					),
(1002	, 'COM',  'MultiCampania'		, 'true '												, 'Sí se manejará múltiples campañas. Historial de precios .'					),
(1003	, 'COM',  'MultiCampania'		, 'true '												, 'Sí se manejará múltiples campañas. Historial de precios .'					),
(1004	, 'COM',  'MultiCampania'		, 'true '												, 'Sí se manejará múltiples campañas. Historial de precios .'					),
(1005	, 'COM',  'MultiCampania'		, 'true '												, 'Sí se manejará múltiples campañas. Historial de precios .'					),
(1006	, 'COM',  'MultiCampania'		, 'false'												, 'Sí se manejará múltiples campañas. Historial de precios .'					),
(1007	, 'COM',  'MultiCampania'		, 'false'												, 'Sí se manejará múltiples campañas. Historial de precios .'					),
(1008	, 'COM',  'MultiCampania'		, 'true '												, 'Sí se manejará múltiples campañas. Historial de precios .'					),
(1009	, 'COM',  'MultiCampania'		, 'false'												, 'Sí se manejará múltiples campañas. Historial de precios .'					);
 


/*	

(1001	, 'COM',  'ReqFamiliar'			, 'false'									, 'SI/NO => Se requiere un familiar.'					),
(1002	, 'COM',  'ReqFamiliar'			, 'false'									, 'SI/NO => Se requiere un familiar.'					),
(1003	, 'COM',  'ReqFamiliar'			, 'false'									, 'SI/NO => Se requiere un familiar.'					),
(1004	, 'COM',  'ReqFamiliar'			, 'false'									, 'SI/NO => Se requiere un  familiar.'					),
(1005	, 'COM',  'ReqFamiliar'			, 'true'									, 'SI/NO => Se requiere un  familiar.'					),
(1006	, 'COM',  'ReqFamiliar'			, 'true'									, 'SI/NO => Se requiere un  familiar.'					),
(1007	, 'COM',  'ReqFamiliar'			, 'false'									, 'SI/NO => Se requiere un  familiar.'					),

(1001	, 'GEN',  'ReqLgNacEst'			, 'false'									, 'Requiere lugar y fecha de nacimiento del estudiante. [true|false]'	),
(1002	, 'GEN',  'ReqLgNacEst'			, 'false'									, 'Requiere lugar y fecha de nacimiento del estudiante. [true|false]'	),
(1003	, 'GEN',  'ReqLgNacEst'			, 'false'									, 'Requiere lugar y fecha de nacimiento del estudiante. [true|false]'	),
(1004	, 'GEN',  'ReqLgNacEst'			, 'true'									, 'Requiere lugar y fecha de nacimiento del estudiante. [true|false]'	),
(1005	, 'GEN',  'ReqLgNacEst'			, 'false'									, 'Requiere lugar y fecha de nacimiento del estudiante. [true|false]'	),
(1006	, 'GEN',  'ReqLgNacEst'			, 'true'									, 'Requiere lugar y fecha de nacimiento del estudiante. [true|false]'	),
(1007	, 'GEN',  'ReqLgNacEst'			, 'true'									, 'Requiere lugar y fecha de nacimiento del estudiante. [true|false]'	),

(1001	, 'GEN',  'ReqDirEst'			, 'false'									, 'Requiere dirección del estudiante|true|false'	),
(1002	, 'GEN',  'ReqDirEst'			, 'false'									, 'Requiere dirección del estudiante|true|false'	),
(1003	, 'GEN',  'ReqDirEst'			, 'false'									, 'Requiere dirección del estudiante|true|false'	),
(1004	, 'GEN',  'ReqDirEst'			, 'true'									, 'Requiere dirección del estudiante|true|false'	),
(1005	, 'GEN',  'ReqDirEst'			, 'false'									, 'Requiere dirección del estudiante|true|false'	),
(1006	, 'GEN',  'ReqDirEst'			, 'true'									, 'Requiere dirección del estudiante|true|false'	),
(1007	, 'GEN',  'ReqDirEst'			, 'true'									, 'Requiere dirección del estudiante|true|false'	),

(1001	, 'GEN',  'ReqInfContEst'		, 'false'									, 'Requiere información de contacto del estudiante|true|false'	),
(1002	, 'GEN',  'ReqInfContEst'		, 'false'									, 'Requiere información de contacto del estudiante|true|false'	),
(1003	, 'GEN',  'ReqInfContEst'		, 'false'									, 'Requiere información de contacto del estudiante|true|false'	),
(1004	, 'GEN',  'ReqInfContEst'		, 'true'									, 'Requiere información de contacto del estudiante|true|false'	),
(1005	, 'GEN',  'ReqInfContEst'		, 'false'									, 'Requiere información de contacto del estudiante|true|false'	),
(1006	, 'GEN',  'ReqInfContEst'		, 'true'									, 'Requiere información de contacto del estudiante|true|false'	),
(1007	, 'GEN',  'ReqInfContEst'		, 'true'									, 'Requiere información de contacto del estudiante|true|false'	),

(1001	, 'GEN',  'ReqInfContFam'		, 'false'									, 'Requiere información de contacto del familiar|true|false'	),
(1002	, 'GEN',  'ReqInfContFam'		, 'false'									, 'Requiere información de contacto del familiar|true|false'	),
(1003	, 'GEN',  'ReqInfContFam'		, 'false'									, 'Requiere información de contacto del familiar|true|false'	),
(1004	, 'GEN',  'ReqInfContFam'		, 'false'									, 'Requiere información de contacto del familiar|true|false'	),
(1005	, 'GEN',  'ReqInfContFam'		, 'true'									, 'Requiere información de contacto del familiar|true|false'	),
(1006	, 'GEN',  'ReqInfContFam'		, 'true'									, 'Requiere información de contacto del familiar|true|false'	),
(1007	, 'GEN',  'ReqInfContFam'		, 'false'									, 'Requiere información de contacto del familiar|true|false'	),






(1001	, 'GEN',  'ReqInfContPerJur'	, 'true'									, 'Requiere información de contacto de los clientes' ),
(1002	, 'GEN',  'ReqInfContPerJur'	, 'true'									, 'Obligatorio pedir al menos un dato de contacto'   ),
(1003	, 'GEN',  'ReqInfContPerJur'	, 'true'									, 'Obligatorio pedir al menos un dato de contacto'   ),
(1004	, 'GEN',  'ReqInfContPerJur'	, 'true'									, 'Obligatorio pedir al menos un dato de contacto'   ),
(1005	, 'GEN',  'ReqInfContPerJur'	, 'true'									, 'Obligatorio pedir al menos un dato de contacto'   ),


(1001	, 'GEN',  'ReqInfContPer'		, 'true'									, 'Obligatorio pedir al menos un dato de contacto'   ),
(1002	, 'GEN',  'ReqInfContPer'		, 'true'									, 'Obligatorio pedir al menos un dato de contacto'   ),
(1003	, 'GEN',  'ReqInfContPer'		, 'true'									, 'Obligatorio pedir al menos un dato de contacto'   ),
(1004	, 'GEN',  'ReqInfContPer'		, 'true'									, 'Obligatorio pedir al menos un dato de contacto'   ),
(1005	, 'GEN',  'ReqInfContPer'		, 'true'									, 'Obligatorio pedir al menos un dato de contacto'   ),






(1001	, 'GEN',  'SizeFichaOpt'		, '8'										, 'Tamaño código ficha óptica'						),
(1002	, 'GEN',  'SizeFichaOpt'		, '10'										, 'Tamaño código ficha óptica'						),
(1003	, 'GEN',  'SizeFichaOpt'		, '11'										, 'Tamaño código ficha óptica'						),
(1004	, 'GEN',  'SizeFichaOpt'		, '12'										, 'Tamaño código ficha óptica'						),
(1005	, 'GEN',  'SizeFichaOpt'		, '10'										, 'Tamaño código ficha óptica'						),


--ostrar direccion en ventas
--ostrar datos del trabajador en comercial

(1001	, 'GEN',  'EditObjectSi'		, '2'										, 'Edita si el objeto es usado menos de N veces'	),
(1002	, 'GEN',  'EditObjectSi'		, '2'										, 'Si el objetoX se usa >=N no puede editar'		),
(1003	, 'GEN',  'EditObjectSi'		, '2'										, 'Si el objetoX se usa >=N no puede editar'		),
(1004	, 'GEN',  'EditObjectSi'		, '2'										, 'Si el objetoX se usa >=N no puede editar'		),
(1005	, 'GEN',  'EditObjectSi'		, '2'										, 'Si el objetoX se usa >=N no puede editar'		),

(1001	, 'ACD',  'DirMapReqACD'		, 'SI'										, 'SI=Es exigible que ingrese coordenadas'			),
(1002	, 'ACD',  'DirMapReqACD'		, 'SI'										, 'SI=Es exigible que ingrese coordenadas'			),
(1003	, 'ACD',  'DirMapReqACD'		, 'SI'										, 'SI=Es exigible que ingrese coordenadas'			),
(1004	, 'ACD',  'DirMapReqACD'		, 'SI'										, 'SI=Es exigible que ingrese coordenadas'			),
(1005	, 'ACD',  'DirMapReqACD'		, 'SI'										, 'SI=Es exigible que ingrese coordenadas'			),

(1001	, 'LAB',  'DirMapReqLAB'		, 'SI'										, 'SI=Es exigible que ingrese coordenadas'			),
(1002	, 'LAB',  'DirMapReqLAB'		, 'SI'										, 'SI=Es exigible que ingrese coordenadas'			),
(1003	, 'LAB',  'DirMapReqLAB'		, 'SI'										, 'SI=Es exigible que ingrese coordenadas'			),
(1004	, 'LAB',  'DirMapReqLAB'		, 'SI'										, 'SI=Es exigible que ingrese coordenadas'			),
(1005	, 'LAB',  'DirMapReqLAB'		, 'SI'										, 'SI=Es exigible que ingrese coordenadas'			),



(1001	, 'GEN',  'UrlFotoUsu'			, 'https://yupanastudio.com/fotos-usuario/1001/'		, 'Ruta para la foto del usuario de sistema'),
(1002	, 'GEN',  'UrlFotoUsu'			, 'https://yupanastudio.com/fotos-usuario/1002/'		, 'Ruta para la foto del usuario de sistema'),
(1003	, 'GEN',  'UrlFotoUsu'			, 'https://yupanastudio.com/fotos-usuario/1003/'		, 'Ruta para la foto del usuario de sistema'),
(1004	, 'GEN',  'UrlFotoUsu'			, 'https://yupanastudio.com/fotos-usuario/1004/'		, 'Ruta para la foto del usuario de sistema'),
(1005	, 'GEN',  'UrlFotoUsu'			, 'https://yupanastudio.com/fotos-usuario/1005/'		, 'Ruta para la foto del usuario de sistema'),
(1006	, 'GEN',  'UrlFotoUsu'			, 'https://yupanastudio.com/fotos-usuario/1005/'		, 'Ruta para la foto del usuario de sistema'),
(1007	, 'GEN',  'UrlFotoUsu'			, 'https://yupanastudio.com/fotos-usuario/1005/'		, 'Ruta para la foto del usuario de sistema'),

(1001	, 'GEN',  'UrlFotoEst'			, 'https://yupanastudio.com/fotos-estudiante/10001/'	, 'Ruta para la foto del estudiante'	    ),
(1002	, 'GEN',  'UrlFotoEst'			, 'https://yupanastudio.com/fotos-estudiante/10002/'	, 'Ruta para la foto del estudiante'	    ),
(1003	, 'GEN',  'UrlFotoEst'			, 'https://yupanastudio.com/fotos-estudiante/10003/'	, 'Ruta para la foto del estudiante'	    ),
(1004	, 'GEN',  'UrlFotoEst'			, 'https://yupanastudio.com/fotos-estudiante/10004/'	, 'Ruta para la foto del estudiante'	    ),
(1005	, 'GEN',  'UrlFotoEst'			, 'https://yupanastudio.com/fotos-estudiante/10005/'	, 'Ruta para la foto del estudiante'	    ),
(1006	, 'GEN',  'UrlFotoEst'			, 'https://yupanastudio.com/fotos-estudiante/10006/'	, 'Ruta para la foto del estudiante'	    ),

--10001	, 'GEN',  'UrlFotos'			, 'http://polariss.net.pe/fotos/1001/'		, 'Ruta para acceder a la foto de las personas'	    ),
--10002	, 'GEN',  'UrlFotos'			, 'http://polariss.net.pe/fotos/1002/'		, 'Ruta para acceder a la foto de las personas'		),
--10003	, 'GEN',  'UrlFotos'			, 'http://polariss.net.pe/fotos/1003/'		, 'Ruta para acceder a la foto de las personas'		),
--10004	, 'GEN',  'UrlFotos'			, 'http://polariss.net.pe/fotos/1004/'		, 'Ruta para acceder a la foto de las personas'		),
--10005	, 'GEN',  'UrlFotos'			, 'http://polariss.net.pe/fotos/1005/'		, 'Ruta para acceder a la foto de las personas'		),


(1001	, 'GEN',  'RegDireccion'		, 'SIM'										, 'Dirección de corrido=SIMPLE; compuesto=COM'		),
(1002	, 'GEN',  'RegDireccion'		, 'COM'										, 'Dirección de corrido=SIMPLE; compuesto=2'		),
(1003	, 'GEN',  'RegDireccion'		, 'COM'										, 'Dirección de corrido=SIMPLE; compuesto=2'		),
(1004	, 'GEN',  'RegDireccion'		, 'SIM'										, 'Dirección de corrido=SIMPLE; compuesto=2'		),
(1005	, 'GEN',  'RegDireccion'		, 'SIM'										, 'Dirección de corrido=SIMPLE; compuesto=2'		),

(1001	, 'GEN',  'RegDirCoord'		, 'SIM'										, 'Registro coordenadas en direccion, true o false'		),
(1002	, 'GEN',  'RegDirCoord'		, 'SIM'										, 'Registro coordenadas en direccion, true o false'		),
(1003	, 'GEN',  'RegDirCoord'		, 'SIM'										, 'Registro coordenadas en direccion, true o false'		),
(1004	, 'GEN',  'RegDirCoord'		, 'SIM'										, 'Registro coordenadas en direccion, true o false'		),
(1005	, 'GEN',  'RegDirCoord'		, 'SIM'										, 'Registro coordenadas en direccion, true o false'		),
	
(1001	, 'GEN',  'DistDefault'		, ' 1;101012'								, 'Distrito predeerminado'								),
(1002	, 'GEN',  'DistDefault'		, ' 2;110201'								, 'id_sede;id_distrito|'								),
(1003	, 'GEN',  'DistDefault'		, ' 3;110301'								, 'Minimo de caracteres para búsqueda'					),
(1004	, 'GEN',  'DistDefault'		, '-1;110401'								, 'Minimo de caracteres para búsqueda'					),
(1005	, 'GEN',  'DistDefault'		, '-1;110101'								, 'Distrito pred. para local. id_sede;id_distrito|'		),

(1001	, 'COM',  'IGV'				, '0.18'									, 'IGV'												),
(1002	, 'COM',  'IGV'				, '0.18'									, 'IGV'												),
(1003	, 'COM',  'IGV'				, '0.18'									, 'IGV'												),
(1004	, 'COM',  'IGV'				, '0.18'									, 'IGV'												),
(1005	, 'COM',  'IGV'				, '0.18'									, 'IGV'												),
(1006	, 'COM',  'IGV'				, '0.18'									, 'IGV'												),


(1001	, 'COM',  'TrabInVta'			, 'SI'									, 'SI/NO => Manipular datos trabajador en Ventas'	),
(1002	, 'COM',  'TrabInVta'			, 'NO'									, 'SI/NO => Manipular datos trabajador en Ventas'	),
(1003	, 'COM',  'TrabInVta'			, 'NO'									, 'SI/NO => Manipular datos trabajador en Ventas'	),
(1004	, 'COM',  'TrabInVta'			, 'NO'									, 'SI/NO => Manipular datos trabajador en Ventas'	),
(1005	, 'COM',  'TrabInVta'			, 'NO'									, 'SI/NO => Manipular datos trabajador en Ventas'	),
(1006	, 'COM',  'TrabInVta'			, 'NO'									, 'SI/NO => Manipular datos trabajador en Ventas'	),
(1007	, 'COM',  'TrabInVta'			, 'NO'									, 'SI/NO => Manipular datos trabajador en Ventas'	);

*/



--COM Dias extra para vencimiento VAR_GB_COMERCIAL

--GTH		'mailReadONly'		'true'		'Indica si desde el modulo de registro de personal se podra escrinir el correo, o el area de sistemas lo crera si es flaso'
--GTH		'activoTrabSimple'	'true'		'True=Se define manualmene. False=Se obtiene a partir de las fechas de su contrato'

--######LABORAL
--##  crear variable que indique si 


		    
/*	    
(1001	,   'GEN',  'DefIxFindPer'		, '2'										, '1 = Buscar por DOC_IDENT; 2 = Buscar por NOMBRES'),
(1002	,   'GEN',  'DefIxFindPer'		, '1'										, '1 = Buscar por DOC_IDENT; 2 = Buscar por NOMBRES'),
(1003	,   'GEN',  'DefIxFindPer'		, '1'										, '1 = Buscar por DOC_IDENT; 2 = Buscar por NOMBRES'),
(1004	,   'GEN',  'DefIxFindPer'		, '1'										, '1 = Buscar por DOC_IDENT; 2 = Buscar por NOMBRES'),
(1005	,   'GEN',  'DefIxFindPer'		, '1'										, '1 = Buscar por DOC_IDENT; 2 = Buscar por NOMBRES'),
	    	    	    
--COM       
(1001	,   'COM',  'IGV'				, '0.18'									, 'IGV'												),
(1002	,   'COM',  'IGV'				, '0.18'									, 'IGV'												),
(1003	,   'COM',  'IGV'				, '0.18'									, 'IGV'												),
(1004	,   'COM',  'IGV'				, '0.18'									, 'IGV'												),
(1005	,   'COM',  'IGV'				, '0.18'									, 'IGV'												),

(1001	,   'COM',  'MoraDia'			, '0.00'									, 'Mora por día'									),
(1002	,   'COM',  'MoraDia'			, '0.00'									, 'Mora por día'									),
(1003	,   'COM',  'MoraDia'			, '0.00'									, 'Mora por día'									),
(1004	,   'COM',  'MoraDia'			, '0.00'									, 'Mora por día'									),
(1005	,   'COM',  'MoraDia'			, '0.50'									, 'Mora por día'									),

(1001	,   'COM',  'MonedaUnica'		, 'true '									, 'Si operaciones son en una sola moneda'			),
(1002	,   'COM',  'MonedaUnica'		, 'true '									, 'Si operaciones son en una sola moneda'			),
(1003	,   'COM',  'MonedaUnica'		, 'true '									, 'Si operaciones son en una sola moneda'			),
(1004	,   'COM',  'MonedaUnica'		, 'true '									, 'Si operaciones son en una sola moneda'			),
(1005	,   'COM',  'MonedaUnica'		, 'false'									, 'Si operaciones son en una sola moneda'			),

(1001	,   'COM',  'FacElecFiles'		, '//192.168.123.15/data'					, 'Ruta para archivos de comprobante electrónico'	);

(1000	,   -1, 	'PER',  'rmRMV'				, '850.00'									, 'Remuneración mínima vital'),
(1000	,   -1, 	'PER',  'rmAsigFam'			, '85.00'									, 'Asignación familiar'),
(1000	,   -1, 	'PER',  'rmEsSalud'			, '0.09'									, 'Taza por EsSalud'),
(1000	,   -1, 	'PER',  'rmHhExt01'			, '0.25'									, 'Primer tramo por horas extras'),
(1000	,   -1, 	'PER',  'rmHhExt02'			, '0.45'									, 'Segundo tramo por horas extras'),
(1000	,   -1, 	'PER',  'rmHhExt03'			, '0.25'									, 'Primer tramo por horas extras'),
(1000	,   -1, 	'FIN',  'ffPlazoRend'		, '10'										, 'Plazo para rendir el fondo fijo'),
(1000	,  101, 	'FIN',  'ffTopeLiq'			, '4000.00'									, 'Tope para liquidar un fondo fijo'),
(1000	,  101, 	'FIN',  'ffMaxComp'			, '700.00'									, 'Importe máximo por comprobante'),
(1000	,  102, 	'FIN',  'ffTopeLiq'			, '2000.00'									, 'Tope para liquidar un fondo fijo'),
(1000	,  102, 	'FIN',  'ffMaxComp'			, '500.00'									, 'Importe máximo por comprobante'),
(1000	,  103, 	'FIN',  'ffTopeLiq'			, '1000.00'									, 'Tope para liquidar un fondo fijo'),
(1000	,  103, 	'FIN',  'ffMaxComp'			, '500.00'									, 'Importe máximo por comprobante'),
(1000	,   -1, 	'FIN',  'cjIR'				, '0.10'									, 'Impuesto a la renta'),
(1000	,  101, 	'ACD',  'anioMat'			, '2018'									, 'Año para las matrículas'),
(1000	,  101, 	'ACD',  'anioEva'			, '2017'									, 'Año para las evaluaciones');
*/





----------------------------------------------------------------------------------------------------------------------------------------
--direccion-------------------------------------------------------------------------------------------------------------------------
----------------------------------------------------------------------------------------------------------------------------------------
DROP TABLE IF EXISTS direccion; 
CREATE TABLE direccion (
	id_direccion 	bigserial 		NOT NULL PRIMARY KEY,
	corrido			bool			NOT NULL,
	id_tipo_via		int				NOT NULL,
	nom_tipo_via	varchar(25)		NOT NULL,
	nom_via 		varchar(125) 	NOT NULL,
	id_tipo_zona	int				NOT NULL,
	nom_tipo_zona	varchar(25)		NOT NULL,
	nom_zona		varchar(50)		NOT NULL,
	referencia 		varchar(125) 	NOT NULL,	
	id_pais			int				NOT NULL,
	id_distrito		char(6) 		NOT NULL,
	latitud 		varchar(25) 	NOT NULL,
	longitud 		varchar(25) 	NOT NULL,
	id_empresa		int				NOT NULL,
	CONSTRAINT direccion_id_distrito_fkey FOREIGN KEY (id_distrito) REFERENCES distrito(id_distrito) MATCH SIMPLE ON UPDATE NO ACTION ON DELETE NO ACTION
);
--
CREATE UNIQUE INDEX direccion_nom_via_ukey ON direccion ( id_empresa , id_distrito, id_tipo_via , fn_my_unaccent(nom_via) );
CREATE INDEX direccion_id_distrito_idx ON direccion (id_distrito);
CREATE INDEX direccion_id_empresa_idx ON direccion (id_empresa);
--
COMMENT ON TABLE direccion IS 'Direcciones por empresa.'; 
COMMENT ON COLUMN direccion.id_direccion IS 'Identificador de dirección.';
COMMENT ON COLUMN direccion.corrido IS 'Indica si toda la dirección irá en la columna "nom_via".';
COMMENT ON COLUMN direccion.id_tipo_via IS 'Identificador del tipo de vía [TI_VIA].';
COMMENT ON COLUMN direccion.nom_tipo_via IS 'Abreviatura del tipo de vía.';
COMMENT ON COLUMN direccion.nom_via IS 'Nombre de la vía o dirección.';
COMMENT ON COLUMN direccion.id_tipo_zona IS 'Identificador del tipo de zona [TI_ZONA].';
COMMENT ON COLUMN direccion.nom_tipo_zona IS 'Abreviatura del tipo de zona.';
COMMENT ON COLUMN direccion.nom_zona IS 'Nombre de la zona.';
COMMENT ON COLUMN direccion.referencia IS 'Referencia de la dirección.';
COMMENT ON COLUMN direccion.id_pais IS 'Identificador del país [PAIS].';
COMMENT ON COLUMN direccion.id_distrito IS 'Identificador del distrito [DISTRITO].';
COMMENT ON COLUMN direccion.latitud IS 'Coordenada en latitud.';
COMMENT ON COLUMN direccion.longitud IS 'Coordenada en longitud.';
COMMENT ON COLUMN direccion.id_empresa IS 'Identificador de empresa [EMPRESA].';
--
INSERT INTO direccion (corrido, id_tipo_via, nom_tipo_via, nom_via, id_tipo_zona, nom_tipo_zona, nom_zona, referencia, id_pais, id_distrito, latitud, longitud, id_empresa)
VALUES
(false, 95061, 'JR.' ,  'SANTA ISABEL NRO. 2065'   ,  95090,  'URB.' , 'MIRAFLORES' 	, 'ENTRE SANTA ISABEL Y SUMAR'     	, 9589, '110113' , '-12.0487659256089'	, '-75.2205508947372' ,  1004);




----------------------------------------------------------------------------------------------------------------------------------------
--persona---------------------------------------------------------------------------------------------------------------------------
----------------------------------------------------------------------------------------------------------------------------------------
DROP TABLE IF EXISTS persona;
CREATE TABLE persona (
	id_persona 				bigserial 		NOT NULL PRIMARY KEY,
	id_empresa		 		int				NOT NULL,
	id_tipo_persona 		int		 		NOT NULL,	
	id_tipo_doc_ident 		int		 		NOT NULL,	
	num_doc_ident			varchar(20) 	NOT NULL,	
	paterno 				varchar(30) 	NOT NULL,
	materno 				varchar(30) 	NOT NULL,
	nombres 				varchar(125) 	NOT NULL,		
	num_ruc_per_nat			varchar(11)		NOT NULL,
	sigla 					varchar(125) 	NOT NULL,	
	validado 				bool 			NOT NULL,	
	CONSTRAINT persona_num_doc_ukey UNIQUE (id_empresa , id_tipo_doc_ident , num_doc_ident)	
);
--
CREATE UNIQUE INDEX persona_nombres_ukey ON persona (id_empresa , fn_my_unaccent(paterno), fn_my_unaccent(materno) , fn_my_unaccent(nombres));
ALTER SEQUENCE persona_id_persona_seq RESTART WITH 35;
--
COMMENT ON TABLE persona IS 'Personas y empresas.'; 
COMMENT ON COLUMN persona.id_persona IS 'Identificador de persona o empresa.';
COMMENT ON COLUMN persona.id_empresa IS 'Identificador de empresa del sistema.';
COMMENT ON COLUMN persona.id_tipo_persona IS 'Identificador del tipo de persona [TI_PERSONA].';
COMMENT ON COLUMN persona.id_tipo_doc_ident IS 'Identificador del tipo de documento de identidad [TI_DOC_IDENT].';
COMMENT ON COLUMN persona.num_doc_ident IS 'Número del documento de identidad.';
COMMENT ON COLUMN persona.paterno IS 'Apellido paterno o en blanco si es empresa.';
COMMENT ON COLUMN persona.materno IS 'Apellido materno o en blanco si es empresa.';
COMMENT ON COLUMN persona.nombres IS 'Nombres de la persona o razón social de la empresa.';
COMMENT ON COLUMN persona.num_ruc_per_nat IS 'Si es del tipo persona, registra RUC si lo tiene.';
COMMENT ON COLUMN persona.sigla IS 'Nombre comercial de empresa o persona con RUC.';
COMMENT ON COLUMN persona.validado IS 'Si es true, ya no se puede modificar ciertos datos.';
--
INSERT INTO persona (id_persona, id_empresa, id_tipo_persona, id_tipo_doc_ident, num_doc_ident, paterno, materno, nombres, num_ruc_per_nat, sigla, validado)
VALUES
(   0 ,    -1 , 95019,   95049 , 	'-'				,   ''			, ''			, 'CLIENTES VARIOS'							,  ''			 	, ''							, true	),
																																															
(	1 ,  1001 , 95010,   95030 ,   '40110805'		,   'BARZOLA'	, 'OLIVARES'	, 'FRANKLIN ANTONIO'						,  '10401108055' 	, ''							, true	),
(	2 ,  1001 , 95011,   95032 ,   '20600695771'	,   ''			, ''			, 'NUBEFACT S.A.'							,  ''				, ''							, true	),
(	3 ,  1001 , 95011,   95032 ,   '20133746278'	,   ''			, ''			, 'C.E. SAN JUAN BOSCO S.A.C.'				,  ''				, ''							, true	),
(	4 ,  1001 , 95010,   95030 ,   '07823084'		,   'YHA'		, 'GIBU'		, 'TAMMY GERALDINE'							,  '10078230849'	, 'LIBRERÍA BAZAR GERALDINE'	, true	),
(	5 ,  1001 , 95010,   95030 ,   '07826812'		,   'SALAZAR'	, 'LOAYZA'		, 'MIGUEL ANGEL'							,  '10078268129'	, 'MUNDO DE LOS LIBROS'			, true	),
(	6 ,  1001 , 95011,   95032 ,   '20611899964'	,   ''		    , ''		    , 'CASS - CAFÉ PASTELERIA S.A.C.'			,  ''				, ''							, true	),
																																															
(	7 ,  1002 , 95010,   95030 ,   '40110805'		,   'BARZOLA'	, 'OLIVARES'	, 'FRANKLIN ANTONIO'						,  '10401108055' 	, ''							, true	),
(	8 ,  1003 , 95010,   95030 ,   '40110805'		,   'BARZOLA'	, 'OLIVARES'	, 'FRANKLIN ANTONIO'						,  '10401108055' 	, ''							, true	),
(	9 ,  1004 , 95010,   95030 ,   '40110805'		,   'BARZOLA'	, 'OLIVARES'	, 'FRANKLIN ANTONIO'						,  '10401108055' 	, ''							, true	),
(  10,   1005 , 95010,   95030 ,   '40110805'		,   'BARZOLA'	, 'OLIVARES'	, 'FRANKLIN ANTONIO'						,  '10401108055' 	, ''							, true	),
(  11 ,  1006 , 95010,   95030 ,   '40110805'		,   'BARZOLA'	, 'OLIVARES'	, 'FRANKLIN ANTONIO'						,  '10401108055' 	, ''							, true	),
(  12 ,  1007 , 95010,   95030 ,   '40110805'		,   'BARZOLA'	, 'OLIVARES'	, 'FRANKLIN ANTONIO'						,  '10401108055' 	, ''							, true	),
(  13 ,  1008 , 95010,   95030 ,   '40110805'		,   'BARZOLA'	, 'OLIVARES'	, 'FRANKLIN ANTONIO'						,  '10401108055' 	, ''							, true	),
(  14 ,  1009 , 95010,   95030 ,   '40110805'		,   'BARZOLA'	, 'OLIVARES'	, 'FRANKLIN ANTONIO'						,  '10401108055' 	, ''							, true	),
																																															
(  15 ,  1004 , 95010,   95030 ,   '20121955'		,   'SALAZAR'	, 'SAAVEDRA'	, 'SARA SAIDA'								,  ''			 	, ''							, true	),
(  16 ,  1004 , 95010,   95030 ,   '41330439'		,   'SINCHE'	, 'BARRA'		, 'YENNY GIOVANNA'							,  ''			 	, ''							, true	),
(  17 ,  1004 , 95010,   95030 ,   '71326982'		,   'ARROYO'	, 'QUINTANA'	, 'SHIRLEY ELIZABETH'						,  ''			 	, ''							, true	),
(  18 ,  1004 , 95010,   95030 ,   '44681435'		,   'SOLANO'	, 'SULCA'		, 'MARISA DIANA'							,  ''			 	, ''							, true	),
(  19 ,  1004 , 95010,   95030 ,   '41798320'		,   'SUASNABAR'	, 'ROJAS'		, 'YESENIA YULIA'							,  ''			 	, ''							, true	),
(  20 ,  1004 , 95010,   95030 ,   '07826812'		,   'SALAZAR'	, 'LOAYZA'		, 'MIGUEL ANGEL'							,  ''			 	, ''							, true	),
(  21 ,  1004 , 95010,   95030 ,   '19917113'		,   'BELTRAN'	, 'GALLARDO'	, 'ALBERTO DOMINGO'							,  ''			 	, ''							, true	),
(  22 ,  1004 , 95010,   95030 ,   '0496341'		,   'MELENDEZ'	, 'HERRERA'		, 'JOSE MARIA IGNACIO'						,  ''			 	, ''							, true	),
(  23 ,  1004 , 95010,   95030 ,   '20029016'		,   'REYES'		, 'ARTICA'		, 'LUZ NERIDA'								,  ''			 	, ''							, true	),
(  24 ,  1004 , 95010,   95030 ,   '70019247'		,   'CARDOZO'	, 'VILLAGARAY'	, 'FANNY ROSARIO'							,  ''			 	, ''							, true	),
(  25 ,  1004 , 95010,   95030 ,   '42444816'		,   'SERRANO'	, 'ALCANTARA'	, 'KARINA BERTHA'							,  ''			 	, ''							, true	),
(  26 ,  1004 , 95010,   95030 ,   '71696400'		,   'PAZ'		, 'MORALES'		, 'FIORELLA GERALDINE'						,  ''			 	, ''							, true	),
(  27 ,  1004 , 95010,   95030 ,   '42844755'		,   'GONZALEZ'	, 'FLORES'		, 'CINTHIA'									,  ''			 	, ''							, true	),
(  28 ,  1004 , 95010,   95030 ,   '20440709'		,   'PEREZ'		, 'MEZA'		, 'BLANCA JESUS'							,  ''			 	, ''							, true	),
(  29 ,  1004 , 95010,   95030 ,   '20074916'		,   'VERGARA'	, 'IZAGUIRRE'	, 'GABRIELA'								,  ''			 	, ''							, true	),
(  30 ,  1004 , 95011,   95032 ,   '20603133111'	,   ''			, ''			, 'YUPANA STUDIO E.I.R.L'					,  ''			 	, ''							, true	),
																																															
(  31 ,  1005 , 95010,   95030 ,   '20121955'		,   'SALAZAR'	, 'SAAVEDRA'	, 'SARA SAIDA'								,  ''			 	, ''							, true	),
(  32 ,  1005 , 95010,   95030 ,   '41330439'		,   'SINCHE'	, 'BARRA'		, 'YENNY GIOVANNA'							,  ''			 	, ''							, true	),
(  33 ,  1005 , 95010,   95030 ,   '71326982'		,   'ARROYO'	, 'QUINTANA'	, 'SHIRLEY ELIZABETH'						,  ''			 	, ''							, true	),
(  34 ,  1005 , 95010,   95030 ,   '44681435'		,   'SOLANO'	, 'SULCA'		, 'MARISA DIANA'							,  ''			 	, ''							, true	);




----------------------------------------------------------------------------------------------------------------------------------------
--trabajador------------------------------------------------------------------------------------------------------------------------
----------------------------------------------------------------------------------------------------------------------------------------
DROP TABLE IF EXISTS trabajador;
CREATE TABLE trabajador (
	id_trabajador 				bigint 			NOT NULL PRIMARY KEY,	
	id_tipo_sexo				int				NOT NULL,
	id_tipo_est_civil			int				NOT NULL,
	id_tipo_vivienda			int				NOT NULL,
	id_tipo_viv_material		int				NOT NULL,
	id_tipo_viv_condicion		int				NOT NULL,
	id_direccion				bigint 			NOT NULL,
	id_tipo_movilidad			int				NOT NULL,
	id_tipo_sit_edu				int				NOT NULL,	
	id_inst_egreso				int				NOT NULL,
	id_tipo_titulo				int				NOT NULL,
	profesion					varchar(50) 	NOT NULL,
	ocupacion					varchar(50) 	NOT NULL,		
	correo_per                 	varchar(75) 	NOT NULL,	
	correo_lab                 	varchar(75) 	NOT NULL,	
	celular_per					varchar(25) 	NOT NULL,	
	celular_lab					varchar(25) 	NOT NULL,	
	telefono					varchar(25) 	NOT NULL,					
	obs							varchar(100) 	NOT NULL,
	activo						bool			NOT NULL,
	CONSTRAINT trabajador_id_trabajador_fkey FOREIGN KEY (id_trabajador) REFERENCES persona(id_persona) MATCH SIMPLE ON UPDATE NO ACTION ON DELETE NO ACTION
);
--
COMMENT ON TABLE trabajador IS 'Trabajadores por empresa.'; 
COMMENT ON COLUMN trabajador.id_trabajador IS 'Identificador de trabajador.';
COMMENT ON COLUMN trabajador.id_tipo_sexo IS 'Identificador del tipo de sexo [TI_SEXO].';
COMMENT ON COLUMN trabajador.id_tipo_est_civil IS 'Identificador del tipo de estado civil [TI_EST_CIV].';
COMMENT ON COLUMN trabajador.id_tipo_vivienda IS 'Identificador del tipo de vivienda [TI_VIVIENDA].';
COMMENT ON COLUMN trabajador.id_tipo_viv_material IS 'Identificador del tipo de material de la vivienda [TI_VIV_MATERIAL].';
COMMENT ON COLUMN trabajador.id_tipo_viv_condicion IS 'Identificador del tipo de condición de la vivienda [TI_VIV_CONDICION].';
COMMENT ON COLUMN trabajador.id_direccion IS 'Identificador de la dirección [DIRECCION].';
COMMENT ON COLUMN trabajador.id_tipo_movilidad IS 'Identificador del tipo de movilidad con que se desplaza al trabajo [TI_MOVILIDAD].';
COMMENT ON COLUMN trabajador.id_tipo_sit_edu IS 'Identificador del tipo de situación educativa [TI_SIT_EDUC].';
COMMENT ON COLUMN trabajador.id_inst_egreso IS 'Identificador de la institución de egreso.';
COMMENT ON COLUMN trabajador.id_tipo_titulo IS 'Identificador del tipo de título [TI_TITULO].';
COMMENT ON COLUMN trabajador.profesion IS 'Nombre de la profesión que alcanzó.';
COMMENT ON COLUMN trabajador.ocupacion IS 'Nombre de la actividad a la que se dedica.';
COMMENT ON COLUMN trabajador.correo_per IS 'Correo electrónico personal.';
COMMENT ON COLUMN trabajador.correo_lab IS 'Correo electrónico laboral.';
COMMENT ON COLUMN trabajador.celular_per IS 'Número de celular personal.';
COMMENT ON COLUMN trabajador.celular_lab IS 'Número de celular laboral.';
COMMENT ON COLUMN trabajador.telefono IS 'Teléfono fijo.';
COMMENT ON COLUMN trabajador.obs IS 'Algún dato no contemplado.';
COMMENT ON COLUMN trabajador.activo IS 'Indica sí el trabajador es un personal activo/vigente.';
--
INSERT INTO trabajador (id_trabajador, id_tipo_sexo, id_tipo_est_civil, id_tipo_vivienda, id_tipo_viv_material, id_tipo_viv_condicion, id_direccion, id_tipo_movilidad, id_tipo_sit_edu, id_inst_egreso, id_tipo_titulo, profesion, ocupacion, correo_per, correo_lab, celular_per, celular_lab, telefono, obs, activo)
VALUES 
( 9, 95021, 95131, 95262, 95270, 95280, -1, 95290, 95153, -1, 95179, 'SISTEMAS Y COMPUTACIÓN'		, 'EMPLEADO', 'franko@gmail'	  , 'fbarzola@sanjuanbosco.edu.pe'	, '987779695' , '' , '' , '-' , true ),
(15, 95021, 95131, 95262, 95270, 95280, -1, 95290, 95153, -1, 95179, 'ADMINISTRACIÓN Y MARKETING'	, 'EMPLEADA', 'majachus@gmail'	  , 'ssalazar@sanjuanbosco.edu.pe'	, '966308555' , '' , '' , '-' , true ),
(16, 95021, 95131, 95260, 95270, 95281, -1, 95295, 95154, -1, 95174, 'CONTABILIDAD Y FINANZAS'   	, 'EMPLEADA', 'yenny@gmail@gmail' , 'ysinche@sanjuanbosco.edu.pe'	, '977111222' , '' , '' , '-' , false),
(17, 95021, 95130, 95260, 95270, 95282, -1, 95294, 95150, -1, 95184, 'ADMINISTRACIÓN'				, 'EMPLEADA', 'shirley@gmail'	  , 'sarroyo@sanjuanbosco.edu.pe' 	, '999888777' , '' , '' , '-' , true );




----------------------------------------------------------------------------------------------------------------------------------------
--clie_prov-------------------------------------------------------------------------------------------------------------------------
----------------------------------------------------------------------------------------------------------------------------------------
DROP TABLE IF EXISTS clie_prov;
CREATE TABLE clie_prov (
	id_cli_pro 					bigserial 		NOT NULL PRIMARY KEY,	
	id_tipo_estado_contrib		int				NOT NULL,		
	id_tipo_condicion_contrib	int				NOT NULL,		
	id_direccion				int 			NOT NULL,			
	correo                  	varchar(75) 	NOT NULL,	
	celular						varchar(25) 	NOT NULL,	
	telefono					varchar(25) 	NOT NULL,	
	contacto					varchar(100) 	NOT NULL,	
	obs							varchar(100) 	NOT NULL,	
	CONSTRAINT clie_prov_id_cli_pro_fkey FOREIGN KEY (id_cli_pro) REFERENCES persona(id_persona) MATCH SIMPLE ON UPDATE NO ACTION ON DELETE NO ACTION
);
--
COMMENT ON TABLE clie_prov IS 'Clientes y/o proveedores.'; 
COMMENT ON COLUMN clie_prov.id_cli_pro IS 'Identificador de cliente y/o proveedor.';
COMMENT ON COLUMN clie_prov.id_tipo_estado_contrib IS 'Identificador del tipo de estado del contribuyente [TI_ESTADO_CONTRIB].';
COMMENT ON COLUMN clie_prov.id_tipo_condicion_contrib IS 'Identificador del tipo de condición del contribuyente [TI_CONDICION_CONTRIB].';
COMMENT ON COLUMN clie_prov.id_direccion IS 'Identificador de dirección [DIRECCION].';
COMMENT ON COLUMN clie_prov.correo IS 'Correo electrónico.';
COMMENT ON COLUMN clie_prov.celular IS 'Número de celular.';
COMMENT ON COLUMN clie_prov.telefono IS 'Teléfono fijo.';
COMMENT ON COLUMN clie_prov.contacto IS 'Nombre de un contacto, solo sí es persona jurídica.';
COMMENT ON COLUMN clie_prov.obs IS 'Alguna observación sobre el cliente y/o proveedor.';
--
INSERT INTO clie_prov (id_cli_pro, id_tipo_estado_contrib, id_tipo_condicion_contrib, id_direccion, correo, celular, telefono, contacto, obs)
VALUES 
(   0 ,     -1,     -1,   -1,   ''						 , ''			, ''  ,  ''	, ''),
(  15 ,     -1,     -1,   -1,   'majachus@gmail.com'	 , '966308555'	, ''  ,  '' , ''),
(  16 ,     -1,     -1,   -1,   'yenny@gmail.com'		 , ''			, ''  ,  ''	, ''),
(  17 ,     -1,     -1,   -1,   'shirley@gmail.com'		 , ''			, ''  ,  '' , ''),
(  18 ,     -1,     -1,   -1,   'marisa@gmail.com'		 , ''			, ''  ,  '' , ''),
(  19 ,     -1,     -1,   -1,   'yesenia@gmail.com'		 , ''			, ''  ,  '' , ''),
(  30 ,  10001,  10010,    1,   'yupanastudio@gmail.com' , '987779695'	, ''  ,  '' , '');




----------------------------------------------------------------------------------------------------------------------------------------
--usuario---------------------------------------------------------------------------------------------------------------------------
----------------------------------------------------------------------------------------------------------------------------------------
DROP TABLE IF EXISTS usuario;
CREATE TABLE usuario (
	id_usuario		bigint			NOT NULL PRIMARY KEY,
	nom_usu			varchar(50)		NOT NULL,   
	pwd_usu			varchar(250)	NOT NULL,
	fe_operacion	date			NOT NULL,
	activo			bool 			NOT NULL,
	cambio_pwd		bool			NOT NULL,
	CONSTRAINT usuario_ukey UNIQUE (nom_usu),
	CONSTRAINT usuario_id_usuario_fkey FOREIGN KEY (id_usuario) REFERENCES persona(id_persona) MATCH SIMPLE ON UPDATE NO ACTION ON DELETE NO ACTION
);
--
COMMENT ON TABLE usuario IS 'Usuarios del sistema.'; 
COMMENT ON COLUMN usuario.id_usuario IS 'Identificador de usuario.';
COMMENT ON COLUMN usuario.nom_usu IS 'Concatenación del "idEmpresa" mas nombre de usuario. Ej. 1001.fbarzola.';
COMMENT ON COLUMN usuario.pwd_usu IS 'Contraseña encriptada.';
COMMENT ON COLUMN usuario.fe_operacion IS 'Fecha en que opera el usuario.';
COMMENT ON COLUMN usuario.activo IS 'Indica si el usuario esta activo.';
COMMENT ON COLUMN usuario.cambio_pwd IS 'Indica sí el usuario cambió contraseña asignada.';
--
INSERT INTO usuario (id_usuario, nom_usu, pwd_usu, fe_operacion, activo, cambio_pwd) --trabajador, fam_alumno
VALUES 
( 1, '1001.fbarzola'		, '$2a$12$dODuS6SCsnv1pOmulWf0s.I1hqvoVcz1sl1izkthWZxtSpn5iUI2W'	, '2019-12-17' , true, false ),
																												 		    
( 9, '1004.fbarzola'		, '$2a$12$dODuS6SCsnv1pOmulWf0s.I1hqvoVcz1sl1izkthWZxtSpn5iUI2W'	, '2019-12-17' , true, false ),
(15, '1004.ssalazar'		, '$2a$12$dODuS6SCsnv1pOmulWf0s.I1hqvoVcz1sl1izkthWZxtSpn5iUI2W'	, '2019-12-17' , true, false ),
(16, '1004.ysinche'			, '$2a$12$dODuS6SCsnv1pOmulWf0s.I1hqvoVcz1sl1izkthWZxtSpn5iUI2W'	, '2019-12-17' , true, false ),
(17, '1004.sarroyo'			, '$2a$12$dODuS6SCsnv1pOmulWf0s.I1hqvoVcz1sl1izkthWZxtSpn5iUI2W'	, '2019-12-17' , true, false ),
(18, '1004.msolano'			, '$2a$12$dODuS6SCsnv1pOmulWf0s.I1hqvoVcz1sl1izkthWZxtSpn5iUI2W'	, '2019-12-17' , true, false ),
(19, '1004.ysuasnabar'		, '$2a$12$dODuS6SCsnv1pOmulWf0s.I1hqvoVcz1sl1izkthWZxtSpn5iUI2W'	, '2019-12-17' , true, false ),
(20, '1004.msalazar'		, '$2a$12$dODuS6SCsnv1pOmulWf0s.I1hqvoVcz1sl1izkthWZxtSpn5iUI2W'	, '2019-12-17' , true, false ),
(21, '1004.abeltran'		, '$2a$12$dODuS6SCsnv1pOmulWf0s.I1hqvoVcz1sl1izkthWZxtSpn5iUI2W'	, '2019-12-17' , true, false ),
(22, '1004.jmelendez'		, '$2a$12$dODuS6SCsnv1pOmulWf0s.I1hqvoVcz1sl1izkthWZxtSpn5iUI2W'	, '2019-12-17' , true, false ),
(23, '1004.lreyes'			, '$2a$12$dODuS6SCsnv1pOmulWf0s.I1hqvoVcz1sl1izkthWZxtSpn5iUI2W'	, '2019-12-17' , true, false ),
(24, '1004.fcardozo'		, '$2a$12$dODuS6SCsnv1pOmulWf0s.I1hqvoVcz1sl1izkthWZxtSpn5iUI2W'	, '2019-12-17' , true, false ),
(25, '1004.kserrano'		, '$2a$12$dODuS6SCsnv1pOmulWf0s.I1hqvoVcz1sl1izkthWZxtSpn5iUI2W'	, '2019-12-17' , true, false ),
(26, '1004.fpaz'			, '$2a$12$dODuS6SCsnv1pOmulWf0s.I1hqvoVcz1sl1izkthWZxtSpn5iUI2W'	, '2019-12-17' , true, false ),
(27, '1004.cgonzalez'		, '$2a$12$dODuS6SCsnv1pOmulWf0s.I1hqvoVcz1sl1izkthWZxtSpn5iUI2W'	, '2019-12-17' , true, false ),
(28, '1004.bperez'			, '$2a$12$dODuS6SCsnv1pOmulWf0s.I1hqvoVcz1sl1izkthWZxtSpn5iUI2W'	, '2019-12-17' , true, false ),
(29, '1004.gvergara'		, '$2a$12$dODuS6SCsnv1pOmulWf0s.I1hqvoVcz1sl1izkthWZxtSpn5iUI2W'	, '2019-12-17' , true, false ),
																												 		    
(10, '1005.fbarzola'		, '$2a$12$dODuS6SCsnv1pOmulWf0s.I1hqvoVcz1sl1izkthWZxtSpn5iUI2W'	, '2019-12-17' , true, false ),
(31, '1005.ssalazar'		, '$2a$12$dODuS6SCsnv1pOmulWf0s.I1hqvoVcz1sl1izkthWZxtSpn5iUI2W'	, '2019-12-17' , true, false ),
(32, '1005.ysinche'			, '$2a$12$dODuS6SCsnv1pOmulWf0s.I1hqvoVcz1sl1izkthWZxtSpn5iUI2W'	, '2019-12-17' , true, false ),
(33, '1005.sarroyo'			, '$2a$12$dODuS6SCsnv1pOmulWf0s.I1hqvoVcz1sl1izkthWZxtSpn5iUI2W'	, '2019-12-17' , true, false ),
(34, '1005.msolano'			, '$2a$12$dODuS6SCsnv1pOmulWf0s.I1hqvoVcz1sl1izkthWZxtSpn5iUI2W'	, '2019-12-17' , true, false );











----------------------------------------------------------------------------------------------------------------------------------------
--sede------------------------------------------------------------------------------------------------------------------------------
----------------------------------------------------------------------------------------------------------------------------------------
DROP TABLE IF EXISTS sede;
CREATE TABLE sede (
	id_sede			serial			NOT NULL PRIMARY KEY,
	id_padre		int				NOT NULL,
	id_empresa		int				NOT NULL,
	nivel			int 			NOT NULL,
	id_tipo_sede   	int				NOT NULL,
	nom_sede		varchar(50)		NOT NULL,
	dir_sede		varchar(100)	NOT NULL,
	id_distrito		char(6)			NOT NULL,
	activo			bool			NOT NULL,	
	sunat_oficial 	bool			NOT NULL,
	sunat_cod		varchar(10)		NOT NULL,
	fac_ele_ruta	varchar(250)	NOT NULL,
	fac_ele_token	varchar(250)	NOT NULL,
	latitud			varchar(25)		NOT NULL,
	longitud		varchar(25)		NOT NULL,
	orden			int				NOT NULL,		
	CONSTRAINT sede_id_distrito_fkey FOREIGN KEY (id_distrito) REFERENCES distrito(id_distrito) MATCH SIMPLE ON UPDATE NO ACTION ON DELETE NO ACTION,
	CONSTRAINT sede_id_empresa_fkey FOREIGN KEY (id_empresa) REFERENCES empresa(id_empresa) MATCH SIMPLE ON UPDATE NO ACTION ON DELETE NO ACTION 
);
ALTER SEQUENCE sede_id_sede_seq RESTART WITH 31;
--
COMMENT ON TABLE sede IS 'Lugares geográficos donde funciona la empresa.'; 
COMMENT ON COLUMN sede.id_sede IS 'Identificador de la sede.';
COMMENT ON COLUMN sede.id_padre IS 'Identificador de la sede padre. Valor -1 para indicar ninguno [SEDE].';
COMMENT ON COLUMN sede.id_empresa IS 'Identificador de la empresa [EMPRESA].';
COMMENT ON COLUMN sede.nivel IS 'Nivel dentro de cada empresa, empieza en uno.';
COMMENT ON COLUMN sede.id_tipo_sede  IS 'Identificador del tipo de sede [TI_SEDE].';
COMMENT ON COLUMN sede.nom_sede IS 'Código o nombre del local o sede.';
COMMENT ON COLUMN sede.dir_sede IS 'Dirección, sí queda en blanco, se muestra dirección definido en empresa.';
COMMENT ON COLUMN sede.id_distrito IS 'Identificador del distrito [DISTRITO].';
COMMENT ON COLUMN sede.activo IS 'Indica si la sede está activo o vigente.';
COMMENT ON COLUMN sede.sunat_oficial IS 'Si la sede esta registrado en la SUNAT.';
COMMENT ON COLUMN sede.sunat_cod IS 'Código que asigna la SUNAT a las sedes.';
COMMENT ON COLUMN sede.fac_ele_ruta IS 'Ruta para comprobantes electrónicos.';
COMMENT ON COLUMN sede.fac_ele_token IS 'Token para comprobantes electrónicos.';
COMMENT ON COLUMN sede.latitud IS 'Coordenada, latitud en google maps.';
COMMENT ON COLUMN sede.longitud IS 'Coordenada, longitud en google maps.';
COMMENT ON COLUMN sede.orden IS 'Orden en que se muestran.';
--
INSERT INTO sede (id_sede, id_padre, id_empresa, nivel, id_tipo_sede, nom_sede, dir_sede, id_distrito, activo, sunat_oficial, sunat_cod, fac_ele_ruta, fac_ele_token, latitud, longitud, orden) 
VALUES 	
( 1,   -1,  1001,   1,  10014,  'LOCAL HUANCAYO'						, 'JR. SANTA ISABEL NRO. 2065 - URB. MIRAFLORES, EL TAMBO, HUANCAYO'	, '110113' , true , true  , ''	    , '', '' , '' , '' ,   1 ),	--YSST
( 2,   -1,  1002,   1,  10014,  'LOCAL HUANCAYO' 						, 'JR. CUZCO NRO. 793 - HUANCAYO'										, '110101' , true , true  , ''	    , '', '' , '' , '' ,   1 ),	--BAZAR
( 3,   -1,  1003,   1,  10014,  'LOCAL HUANCAYO'						, 'JR. FRANCISCO SOLANO NRO. 142 - URB. SAN CARLOS, HUANCAYO'			, '110101' , true , true  , ''	    , '', '' , '' , '' ,   1 ),	--EDITORIAL
( 4,   -1,  1004,   1,  10014,  'LOCAL CUZCO 779'						, 'JR. CUZCO NRO. 779 - HUANCAYO'										, '110101' , true , true  , ''	    , '', '' , '' , '' ,   1 ),	--COLEGIO
( 5,   -1,  1004,   1,  10014,  'LOCAL CUZCO 789'						, 'JR. CUZCO NRO. 789 - HUANCAYO'										, '110101' , true , true  , ''	    , '', '' , '' , '' ,   2 ),
( 6,   -1,  1004,   1,  10014,  'LOCAL JUNÍN 111'						, 'JR. JUNÍN NRO. 111 - HUANCAYO'										, '110101' , true , true  , ''	    , '', '' , '' , '' ,   3 ),
( 7,   -1,  1004,   1,  10014,  'LOCAL JUNÍN 215'						, 'JR. JUNÍN NRO. 215 - HUANCAYO'										, '110101' , true , true  , '0003'  , '', '' , '' , '' ,   4 ),
( 8,   -1,  1004,   1,  10014,  'LOCAL LIBERTAD 205'					, 'JR. LIBERTAD NRO. 205 - HUANCAYO'									, '110101' , true , true  , '0001'  , '', '' , '' , '' ,   5 ),
( 9,   -1,  1004,   1,  10014,  'LOCAL PUNO 555'						, 'JR. PUNO NRO. 555 - HUANCAYO'										, '110101' , true , true  , '0002'  , '', '' , '' , '' ,   6 ),
(10,   -1,  1005,   1,  10014,  'LOCAL HUANCAYO, CUZCO 779'				, 'JR. CUZCO NRO. 779 - HUANCAYO'										, '110101' , true , true  , '0007'  , '', '' , '' , '' ,   1 ),	--ACADEMIA
(11,   -1,  1005,   1,  10014,  'LOCAL HUANCAYO, JUNIN 215'				, 'Jr. JUNIN Nro. 215, Huancayo'										, '110101' , true , true  , '0009'  , '', '' , '' , '' ,   2 ),
(12,   -1,  1005,   1,  10014,  'LOCAL PAMPAS, NTRA. SEÑORA LOURDES'	, 'AV. PROGRESO N° 252. PAMPAS, TAYACAJA'								, '080501' , true , false , ''      , '', '' , '' , '' ,   3 ),
(13,   -1,  1005,   1,  10014,  'LOCAL JAUJA, VIRGEN CARMEN'			, 'JR. LA MAR N° 790. JAUJA'											, '110301' , true , true  , '0010'  , '', '' , '' , '' ,   4 ),
(14,   -1,  1006,   1,  10014,  'LOCAL CUZCO 779'						, 'JR. CUZCO NRO. 779 - HUANCAYO'										, '110101' , true , true  , '0011'  , '', '' , '' , '' ,   1 ),	--POLIDEPORTIVO
(15,   -1,  1006,   1,  10014,  'LOCAL PUNO 555'						, 'JR. PUNO NRO. 555, HUANCAYO'											, '110101' , true , true  , '0011'  , '', '' , '' , '' ,   2 ),
(16,   -1,  1007,   1,  10014,  'LOCAL HUANCAYO - 1RO DE MAYO'			, 'JR. AMAZONITAS NRO. 221 - COOP. 1RO DE MAYO, EL TAMBO, HUANCAYO'		, '110113' , true , true  , '0000'  , '', '' , '' , '' ,   2 ),	--CASS
(17,   -1,  1007,   1,  10014,  'LOCAL HUANCAYO - GUIDO'				, 'JR. GUIDO NRO. 757, HUANCAYO'										, '110101' , true , true  , '0001'  , '', '' , '' , '' ,   1 ),
(18,   -1,  1008,   1,  10014,  'LOCAL HUANCAYO - MOQUEGUA'				, 'JR. MOQUEGUA NRO. 235 - HUANCAYO'									, '110101' , true , true  , ''  	, '', '' , '' , '' ,   1 ),	--SABAL
(19,   -1,  1009,   1,  10010,  'PERÚ'									, 'JR. JUNIN NRO. 129 - PUNO'											, '080501' , true , true  , '0011'  , '', '' , '' , '' ,   1 ),	--CLA
(20,   19,  1009,   2,  10011,  'ZONA NORTE'							, ''																	, '080501' , true , true  , '0011'  , '', '' , '' , '' , 100 ),
(21,   19,  1009,   2,  10011,  'ZONA CENTRO'							, ''																	, '080501' , true , true  , '0011'  , '', '' , '' , '' , 200 ),
(22,   19,  1009,   2,  10011,  'ZONA SUR'								, ''																	, '080501' , true , true  , '0011'  , '', '' , '' , '' , 300 ),
(23,   19,  1009,   2,  10011,  'ZONA ORIENTE'							, ''																	, '080501' , true , true  , '0011'  , '', '' , '' , '' , 400 ),
(24,   21,  1009,   3,  10012,  'SEDE LIMA'								, ''																	, '080501' , true , true  , '0011'  , '', '' , '' , '' , 210 ),
(25,   21,  1009,   3,  10012,  'SEDE HUANCAYO'							, ''																	, '080501' , true , true  , '0011'  , '', '' , '' , '' , 220 ),
(26,   21,  1009,   3,  10012,  'SEDE TARMA'							, ''																	, '080501' , true , true  , '0011'  , '', '' , '' , '' , 230 ),
(27,   25,  1009,   4,  10013,  'AGENCIA MERCADO'						, ''																	, '080501' , true , true  , '0011'  , '', '' , '' , '' , 221 ),
(28,   25,  1009,   4,  10013,  'AGENCIA SAN CARLOS'					, ''																	, '080501' , true , true  , '0011'  , '', '' , '' , '' , 222 ),
(29,   25,  1009,   4,  10013,  'AGENCIA CERCADO HYO'					, ''																	, '080501' , true , true  , '0011'  , '', '' , '' , '' , 223 ),
(30,   29,  1009,   5,  10015,  'AGENCIA PARIAHUANCA'					, ''																	, '080501' , true , true  , '0011'  , '', '' , '' , '' , 224 );




----------------------------------------------------------------------------------------------------------------------------------------
--sistema---------------------------------------------------------------------------------------------------------------------------
----------------------------------------------------------------------------------------------------------------------------------------
DROP TABLE IF EXISTS sistema;
CREATE TABLE sistema (
	id_sistema		char(3)			NOT NULL PRIMARY KEY,
	nom_sistema 	varchar(50)		NOT NULL,
	nom_corto		varchar(25)		NOT NULL,
	descripcion 	varchar(100)	NOT NULL,
	orden			int				NOT NULL
);
--
COMMENT ON TABLE sistema IS 'Sistemas del ERP.'; 
COMMENT ON COLUMN sistema.id_sistema IS 'Identificador del sistema.';
COMMENT ON COLUMN sistema.nom_sistema IS 'Nombre del sistema.';
COMMENT ON COLUMN sistema.nom_corto IS 'Nombre abreviado para la ruta API REST.';
COMMENT ON COLUMN sistema.descripcion IS 'Descripción.';
COMMENT ON COLUMN sistema.orden IS 'Orden en que se muestran.';
--
INSERT INTO sistema (id_sistema, nom_sistema, nom_corto, descripcion, orden)
VALUES  
('COM', 'SISTEMA COMERCIAL'				, 'comercial'	,	'Ventas, Matrículas, Admisiones, Facturación Electrónica, Cobranza'					,10),
('LGT', 'SISTEMA LOGÍSTICO'				, 'logistico'	,	'Requerimientos, cotización, compras, facturación, almacén'							,15),
('PER', 'SISTEMA RECURSOS HUMANOS'		, 'personal'	,	'Escalafón, asistencia y remuneraciones, mesa de partes'							,20),
('FIN', 'SISTEMA FINANCIERO CONTABLE'	, 'financiero'	,	'Tesorería, Fondo Fijo, Pendientes, Conciliaciones'									,25),
('CNT', 'SISTEMA CONTABLE'				, 'contable'	,	'Registro de Ventas, Compras, AFP, ESSALUD, Patrimonio'								,30),
('COL', 'SISTEMA ACADÉMICO COLEGIO'		, 'colegio'		,	'Asistencia, Conducta, Evaluaciones, ETAS, EVAS, Comunicados, Psicológico, Médico'	,35),
('ACA', 'SISTEMA ACADÉMICO ACADEMIA'	, 'academia'	,	'Asistencia, ETAS, EVAS, Comunicados'												,40),
('MED', 'SISTEMA CLÍNICO MÉDICO'		, 'medico'		,	'Turnos, Citas, Triaje, Laboratorio, Historia, Nutrición'							,45),
('BKA', 'SISTEMA BANCA'					, 'banca'		,	'Turnos, Citas, Triaje, Laboratorio, Historia, Nutrición'							,50),
('ADM', 'SISTEMA DE CONTROL Y ACCESO'	, 'admin' 		, 	'Controles génericos, seguridad, catálogo, unidades orgánicas'						,95);



----------------------------------------------------------------------------------------------------------------------------------------
--empresa_sistema-------------------------------------------------------------------------------------------------------------------
----------------------------------------------------------------------------------------------------------------------------------------
DROP TABLE IF EXISTS empresa_sistema;
CREATE TABLE empresa_sistema (
	id_emp_sis			serial		NOT NULL PRIMARY KEY,
	id_empresa			int			NOT NULL,
	id_sistema			char(3)		NOT NULL,
	activo 				bool		NOT NULL,
	CONSTRAINT empresa_sistema_id_empresa_fkey FOREIGN KEY (id_empresa) REFERENCES empresa(id_empresa) MATCH SIMPLE ON UPDATE NO ACTION ON DELETE NO ACTION,
	CONSTRAINT empresa_sistema_id_sistema_fkey FOREIGN KEY (id_sistema) REFERENCES sistema(id_sistema) MATCH SIMPLE ON UPDATE NO ACTION ON DELETE NO ACTION
);
--
COMMENT ON TABLE empresa_sistema IS 'Sistemas por cada empresa'; 
COMMENT ON COLUMN empresa_sistema.id_emp_sis IS 'Identificador de entidad.';
COMMENT ON COLUMN empresa_sistema.id_empresa IS 'Identificador de empresa [EMPRESA].';
COMMENT ON COLUMN empresa_sistema.id_sistema IS 'Identificador de sistema [SISTEMA].';
COMMENT ON COLUMN empresa_sistema.activo IS 'Sí el sistema está activo para la empresa.';
--
INSERT INTO empresa_sistema (id_empresa, id_sistema, activo) 
VALUES 
( 1001, 'ADM', true),	--YSST
( 1001, 'COM', true),
( 1001, 'LGT', true),
( 1001, 'PER', true),
( 1001, 'FIN', true),
( 1001, 'CNT', true),
 
( 1002, 'ADM', true),	--BAZAR
( 1002, 'COM', true),	
( 1002, 'LGT', true),	
( 1002, 'FIN', true),
  
( 1003, 'ADM', true),	--EDITORIAL
( 1003, 'COM', true),	
( 1003, 'LGT', true),	
( 1003, 'FIN', true),	
  
( 1004, 'ADM', true),	--COLE
( 1004, 'COM', true),
( 1004, 'LGT', true),
( 1004, 'PER', true),
( 1004, 'FIN', true),
( 1004, 'CNT', true),
( 1004, 'COL', true),
 
( 1005, 'ADM', true),	--ACAD
( 1005, 'COM', true),
( 1005, 'LGT', true),
( 1005, 'PER', true),
( 1005, 'FIN', true),
( 1005, 'CNT', true),
( 1005, 'ACA', true),
  
( 1006, 'ADM', true),	--POLID
( 1006, 'COM', true),
( 1006, 'LGT', true),
( 1006, 'PER', true),
( 1006, 'FIN' , true),
( 1006, 'CNT', true),
  
( 1007, 'ADM', true),	--CASS
( 1007, 'COM', true),
( 1007, 'LGT', true),

( 1008, 'ADM', true),	--SABAL
( 1008, 'COM', true),
( 1008, 'LGT', true),
( 1008, 'PER', true),
( 1008, 'FIN', true),
( 1008, 'CNT', true),
( 1008, 'MED', true),

( 1009, 'ADM', true),	--CLA
( 1009, 'COM', true),
( 1009, 'LGT', true),
( 1009, 'PER', true),
( 1009, 'FIN', true),
( 1009, 'CNT', true),
( 1009, 'BKA', true);




